-- phpMyAdmin SQL Dump
-- version 5.2.1
-- https://www.phpmyadmin.net/
--
-- Servidor: 127.0.0.1:3306
-- Tiempo de generación: 07-06-2025 a las 13:00:14
-- Versión del servidor: 10.11.10-MariaDB
-- Versión de PHP: 7.2.34

SET SQL_MODE = "NO_AUTO_VALUE_ON_ZERO";
START TRANSACTION;
SET time_zone = "+00:00";


/*!40101 SET @OLD_CHARACTER_SET_CLIENT=@@CHARACTER_SET_CLIENT */;
/*!40101 SET @OLD_CHARACTER_SET_RESULTS=@@CHARACTER_SET_RESULTS */;
/*!40101 SET @OLD_COLLATION_CONNECTION=@@COLLATION_CONNECTION */;
/*!40101 SET NAMES utf8mb4 */;

--
-- Base de datos: `u809842389_tfg`
--
CREATE DATABASE IF NOT EXISTS `u809842389_tfg` DEFAULT CHARACTER SET utf8mb4 COLLATE utf8mb4_unicode_ci;
USE `u809842389_tfg`;

-- --------------------------------------------------------

--
-- Estructura de tabla para la tabla `compras`
--

CREATE TABLE `compras` (
  `id_compra` int(11) NOT NULL,
  `id_usuario` int(11) NOT NULL,
  `id_evento` int(11) NOT NULL,
  `cantidad` int(11) NOT NULL,
  `order_id` varchar(255) DEFAULT NULL,
  `fecha_compra` datetime NOT NULL DEFAULT current_timestamp()
) ENGINE=MyISAM DEFAULT CHARSET=utf8mb4 COLLATE=utf8mb4_unicode_ci;

--
-- Volcado de datos para la tabla `compras`
--

INSERT INTO `compras` (`id_compra`, `id_usuario`, `id_evento`, `cantidad`, `order_id`, `fecha_compra`) VALUES
(1, 4, 18, 1, 'ORD68308dfa0549e', '2025-05-23 15:02:18'),
(2, 4, 24, 2, 'ORD68308eb6abeaf', '2025-05-23 15:05:26'),
(3, 4, 27, 1, 'ORD68308eb6abeaf', '2025-05-23 15:05:26'),
(4, 5, 1, 1, 'ORD68308fc768230', '2025-05-23 15:09:59'),
(5, 5, 15, 1, 'ORD68308fc768230', '2025-05-23 15:09:59'),
(6, 5, 28, 5, 'ORD68308fc768230', '2025-05-23 15:09:59'),
(7, 4, 1, 2, 'ORD6830901586fca', '2025-05-23 15:11:17'),
(8, 4, 52, 3, 'ORD683484dac5475', '2025-05-26 15:12:26'),
(9, 4, 53, 2, 'ORD683484dac5475', '2025-05-26 15:12:26'),
(10, 4, 58, 1, 'ORD683484dac5475', '2025-05-26 15:12:26'),
(11, 4, 44, 1, 'ORD68348e8312e8d', '2025-05-26 15:53:39'),
(12, 5, 67, 5, 'ORD6834912abbe78', '2025-05-26 16:04:58'),
(13, 4, 67, 5, 'ORD683491483eaaa', '2025-05-26 16:05:28'),
(14, 6, 67, 5, 'ORD6834919e5a953', '2025-05-26 16:06:54'),
(15, 6, 67, 5, 'ORD683491adae6db', '2025-05-26 16:07:09'),
(16, 6, 11, 1, 'ORD683491df27ad9', '2025-05-26 16:07:59'),
(17, 6, 67, 5, 'ORD683491df27ad9', '2025-05-26 16:07:59'),
(18, 7, 67, 5, 'ORD6834923020b55', '2025-05-26 16:09:20'),
(19, 7, 67, 5, 'ORD68349274e3aba', '2025-05-26 16:10:28'),
(20, 4, 67, 1, 'ORD6834929e85d7a', '2025-05-26 16:11:10'),
(21, 4, 67, 1, 'ORD683492dbd6df3', '2025-05-26 16:12:11'),
(22, 7, 67, 4, 'ORD683492f7aded5', '2025-05-26 16:12:39'),
(23, 4, 11, 1, 'ORD683997db78a2e', '2025-05-30 11:34:51'),
(24, 4, 13, 3, 'ORD683997db78a2e', '2025-05-30 11:34:51'),
(25, 4, 14, 1, 'ORD683997db78a2e', '2025-05-30 11:34:51'),
(26, 4, 17, 5, 'ORD683997db78a2e', '2025-05-30 11:34:51'),
(27, 4, 19, 2, 'ORD683997db78a2e', '2025-05-30 11:34:51'),
(28, 4, 29, 1, 'ORD683997db78a2e', '2025-05-30 11:34:51'),
(29, 4, 80, 2, 'ORD683997db78a2e', '2025-05-30 11:34:51'),
(30, 4, 23, 1, 'ORD683d7002bd2b3', '2025-06-02 09:33:54'),
(31, 4, 40, 2, 'ORD683d7002bd2b3', '2025-06-02 09:33:54'),
(32, 4, 42, 1, 'ORD683d7002bd2b3', '2025-06-02 09:33:54'),
(33, 9, 18, 1, 'ORD683db8f6d8511', '2025-06-02 14:45:10'),
(34, 9, 39, 1, 'ORD683db98ac0c46', '2025-06-02 14:47:38'),
(35, 4, 50, 1, 'ORD683dc2bedec60', '2025-06-02 15:26:54'),
(36, 4, 11, 1, 'ORD683f06a510e39', '2025-06-03 14:28:53'),
(37, 5, 30, 1, 'ORD68405d49b45e4', '2025-06-04 14:50:49'),
(38, 5, 31, 1, 'ORD68405d49b45e4', '2025-06-04 14:50:49'),
(39, 5, 39, 1, 'ORD68405d49b45e4', '2025-06-04 14:50:49'),
(40, 5, 40, 3, 'ORD68405d49b45e4', '2025-06-04 14:50:49'),
(41, 4, 37, 2, 'ORD68405d4c67c0d', '2025-06-04 14:50:52'),
(42, 5, 54, 1, 'ORD68405df28c3da', '2025-06-04 14:53:38'),
(43, 4, 47, 1, 'ORD68405df9c55ec', '2025-06-04 14:53:45'),
(44, 4, 53, 2, 'ORD68405eeaa566c', '2025-06-04 14:57:46'),
(45, 5, 42, 1, 'ORD684060ebac9d9', '2025-06-04 15:06:19'),
(46, 4, 23, 1, 'ORD68406de31d494', '2025-06-04 16:01:39'),
(47, 4, 11, 1, 'ORD68408ad21fecd', '2025-06-04 18:05:06'),
(48, 4, 36, 1, 'ORD68408c353361e', '2025-06-04 18:11:01'),
(49, 4, 28, 1, 'ORD68416f4602daa', '2025-06-05 10:19:50'),
(50, 4, 17, 1, 'ORD6841e4334716e', '2025-06-05 18:38:43'),
(51, 4, 18, 1, 'ORD6841ead566ecc', '2025-06-05 19:07:01'),
(52, 4, 57, 1, 'ORD6841f4bcd700d', '2025-06-05 19:49:16'),
(53, 4, 47, 2, 'ORD6841ff5bdbe73', '2025-06-05 20:34:35'),
(54, 4, 53, 1, 'ORD6842f18ae9d6d', '2025-06-06 13:47:54'),
(55, 4, 53, 1, 'ORD6842f2228db23', '2025-06-06 13:50:26'),
(56, 10, 42, 3, 'ORD6842ff70b9c6b', '2025-06-06 14:47:12'),
(57, 4, 60, 1, 'ORD68432d5063924', '2025-06-06 18:02:56'),
(58, 4, 60, 2, 'ORD68435ab76999c', '2025-06-06 21:16:39');

-- --------------------------------------------------------

--
-- Estructura de tabla para la tabla `empresas`
--

CREATE TABLE `empresas` (
  `id_empresa` int(11) NOT NULL,
  `cif` varchar(20) NOT NULL,
  `nombre_empresa` varchar(100) NOT NULL,
  `email` varchar(100) NOT NULL,
  `contraseña` varchar(255) NOT NULL,
  `telefono` varchar(20) DEFAULT NULL,
  `direccion` varchar(255) DEFAULT NULL,
  `fecha_registro` datetime DEFAULT current_timestamp(),
  `logo` varchar(255) DEFAULT NULL
) ENGINE=MyISAM DEFAULT CHARSET=utf8mb4 COLLATE=utf8mb4_unicode_ci;

--
-- Volcado de datos para la tabla `empresas`
--

INSERT INTO `empresas` (`id_empresa`, `cif`, `nombre_empresa`, `email`, `contraseña`, `telefono`, `direccion`, `fecha_registro`, `logo`) VALUES
(1, 'B12345678', 'Eventos Globales S.L', 'empresa@eventosglobales.com', '$2y$10$LprrO2MajeGmhIYxGl8PSeXYycf8reV2UIigdt6Lkc2enqUlSm/fq', '912345678', 'C/ Atletico de Madrid, 2', '2025-05-13 16:40:55', '1747148088_esquema_partes_tfg.jpg'),
(2, 'X98765432', 'Eventoplus', 'contacto.eventoplus@gmail.com', '$2y$10$4rxhKBFyypj7gGsYd7MQ9ePnYI3BCGo9haEo3X9lXByxKArujoAKK', '912873645', 'Calle de la Secoya, 6', '2025-05-19 17:59:53', NULL),
(3, 'T65743245', 'PuyDuFou S.L', 'contacto.PuyDuFou@gmail.com', '$2y$10$SjejSmlts3fO5KQQNrNsz.dHPPbzL8kh25pmNlUIqMB7/p2dwIZ/S', '945732213', 'Puy du Fou España, CM40 salida 13, Toledo', '2025-05-23 16:39:04', NULL),
(4, 'I74683660', 'España Global Events S.C', 'contacto.espglobalevents@gmail.com', '$2y$10$A4A35QSAxcsoEjY/VaQMUeasXaBnOKsBmm45Nl8gKRIJoW65zXVcK', '908998711', 'C/ Nuestra Señora de Fátima, 10', '2025-05-26 15:34:56', NULL),
(5, 'Q54677890', 'Ocio y Disfrute Madrid', 'ocio.disfrute@gmail.com', '$2y$10$r4UkI66JLnN2pXUHg/8ufe2G.8gDCBA86SJ47r6dT6KJpDlqUy5ly', '945456765', 'C/ Salvador Ayende,22', '2025-05-26 16:51:00', '1748271086_ali.jpg'),
(6, 'M12345678', 'PruebasAlpha S.L', 'empresaPruebasAlpha@gmail.com', '$2y$10$dVNQ8/Q1gUp/JBAaeNkTeOW1zi9yHmxxONLKxurr/kOq1NzZ/QFTq', '675634251', 'Avenida de la Peseta S/N', '2025-06-06 14:53:15', NULL);

-- --------------------------------------------------------

--
-- Estructura de tabla para la tabla `eventos`
--

CREATE TABLE `eventos` (
  `id_evento` int(11) NOT NULL,
  `nombre` varchar(255) NOT NULL,
  `descripcion` text DEFAULT NULL,
  `fecha` datetime NOT NULL,
  `hora` time NOT NULL,
  `ubicacion` varchar(255) NOT NULL,
  `precio` decimal(10,2) NOT NULL,
  `imagen` varchar(255) DEFAULT NULL,
  `aforo` int(11) NOT NULL,
  `id_empresa` int(11) NOT NULL,
  `categoria` varchar(50) NOT NULL DEFAULT 'Concierto'
) ENGINE=MyISAM DEFAULT CHARSET=utf8mb4 COLLATE=utf8mb4_unicode_ci;

--
-- Volcado de datos para la tabla `eventos`
--

INSERT INTO `eventos` (`id_evento`, `nombre`, `descripcion`, `fecha`, `hora`, `ubicacion`, `precio`, `imagen`, `aforo`, `id_empresa`, `categoria`) VALUES
(1, 'Madrid Salvaje 2025', '<p>El <strong>Madrid Salvaje 2025</strong> se celebrará los días <strong>26 y 27 de septiembre</strong> en el <strong>Recinto Ferial de Torrejón de Ardoz</strong>, tras su traslado desde IFEMA debido a cambios en la política de eventos al aire libre . Este festival se ha consolidado como uno de los principales referentes de la música urbana en España, ofreciendo una programación diversa que abarca géneros como el rap, trap y reguetón.</p><h3>???? Cartel 2025</h3><p>La edición de este año contará con más de 35 artistas destacados de la escena urbana, incluyendo nombres como <strong>Al Safir</strong>, <strong>Sticky M.A.</strong>, <strong>Ardo440</strong>, <strong>Blake, Kid Keo, Hard Gz</strong> <strong>Grecas</strong>, <strong>Midas Alonso</strong>, <strong>Parkineos</strong> y <strong>Salut Santa</strong> .</p><p>El nuevo recinto en Torrejón de Ardoz, elegido por sus mejores condiciones para eventos al aire libre, cuenta con buenas conexiones de transporte público y servicios para garantizar una experiencia cómoda y segura para todos los asistentes.</p><p>Madrid Salvaje 2025 promete ser una celebración total de la cultura urbana, donde la música, el arte y la comunidad se unen para vivir un fin de semana inolvidable.</p>', '2025-09-26 00:00:00', '16:00:00', 'Recinto Ferial de Torrejón de Ardoz', 55.00, '1747672519_mad.jpeg', 44000, 1, 'Festival'),
(2, 'Reggaeton Beach Festival Madrid 2025', '<p>El <strong>Reggaeton Beach Festival (RBF) Madrid 2025</strong> se celebrará los días <strong>19 y 20 de julio</strong> en la <strong>Caja Mágica</strong>, ubicada en el barrio de San Fermín-Orcasur. Este evento es reconocido como el mayor festival de música urbana y latina de Europa, ofreciendo una experiencia única que combina música, actividades acuáticas y entretenimiento.</p><h3>???? Cartel y artistas</h3><p>Aunque el cartel completo aún no ha sido anunciado, ya se han confirmado las actuaciones de <strong>Justin Quiles</strong>, <strong>Noriel</strong> y <strong>Luar La L</strong>. En ediciones anteriores, el festival ha contado con artistas de renombre como Anuel AA, Farruko, Bryant Myers, Tiago PZK, El Alfa, María Becerra, Tainy, Lunay, De La Ghetto, Álvaro Díaz, Noriel y Chimbala.</p><h3>???? Ubicación y acceso</h3><p>La Caja Mágica es un recinto polivalente que ofrece amplias zonas al aire libre y cubiertas, ideal para eventos de gran envergadura. Está bien comunicada mediante transporte público, con la estación de metro <strong>San Fermín-Orcasur (Línea 3)</strong> y varias líneas de autobús que facilitan el acceso.</p><h3>???? Acceso para menores</h3><p>Los menores de <strong>16 años</strong> deben ir acompañados por su padre, madre o tutor legal, presentando la autorización correspondiente y una fotocopia del DNI. Los menores de <strong>16 a 18 años</strong> también deben llevar autorización y mostrar una fotocopia del DNI del autorizante. La zona VIP es exclusiva para mayores de 18 años.</p><h3>???? Experiencia del festival</h3><p>El RBF Madrid 2025 promete una experiencia inolvidable con un escenario principal de <strong>45 x 22 metros</strong>, cabina de DJ integrada y más de <strong>400 m² de pantalla con resolución 8K</strong>. Además, contará con zonas de actividades acuáticas, hinchables, food trucks y áreas de descanso para disfrutar al máximo del ambiente veraniego.</p>', '2025-07-19 00:00:00', '16:00:00', 'Caja Mágica', 65.00, '1747672512_rbf.jpg', 30000, 1, 'Festival'),
(3, 'Boombastic Asturias 2025', '<p>El Boombastic Festival Asturias 2025 se celebrará del 17 al 19 de julio en La Morgal, Llanera, consolidándose como uno de los eventos más destacados de la música urbana y pop en España. Esta edición promete ser la más ambiciosa hasta la fecha, con una programación que incluye seis escenarios temáticos, una pool stage, zonas de relax y un espectáculo de drones .</p><p>El cartel de este año presenta una combinación de artistas internacionales y nacionales, así como talentos locales. Entre los cabezas de cartel se encuentran Bad Gyal, Nicky Jam, Residente, Tiago PZK, Steve Aoki, Estopa y Emilia. Además, se destaca la participación de artistas asturianos como Enol, Eva Hevia y Naiara Moore, quienes compartirán escenario con figuras reconocidas del género urbano.</p>', '2025-07-17 00:00:00', '12:00:00', 'La Morgal, Asturias', 99.99, '1747661880_boom.jpg', 50000, 1, 'Festival'),
(10, 'Puro Latino Madrid', '<p>El <strong>Puro Latino Fest Madrid 2025</strong> es uno de los festivales de música urbana y latina más destacados de España. Se celebrará los días <strong>27 y 28 de junio de 2025</strong> en la <strong>Ciudad del Rock de Arganda del Rey</strong>, un recinto con capacidad para hasta <strong>96,000 personas</strong>.</p><p>El cartel incluye a artistas de renombre como <strong>Bad Gyal</strong>, <strong>Ozuna</strong> y <strong>Eladio Carrión</strong>, entre otros, prometiendo dos jornadas de música y baile al ritmo del reguetón, trap y pop latino.</p><h3>???? Horarios y apertura de puertas</h3><p>Las puertas del festival abrirán a las <strong>18:30 h</strong> cada día, ofreciendo una experiencia vibrante y llena de energía para todos los asistentes.</p><h3>???? Transporte y acceso</h3><p>El festival se celebra en la <strong>Ciudad del Rock</strong> de Arganda del Rey, Madrid. Se puede acceder al recinto en coche, tomando la salida 33A desde Madrid o la 35 desde Valencia por la A-3. Además, se habilitarán servicios de lanzaderas desde puntos clave de la ciudad para facilitar el acceso al evento.</p>', '2025-06-27 00:00:00', '18:30:00', 'Ciudad del Rock, Arganda del Rey', 75.99, '1747670961_puro.jpeg', 96000, 2, 'Festival'),
(11, 'Bad Bunny Riyadh Air Metropolitano 2026', '<p>El sábado 30 de mayo de 2026, Madrid recibirá una de las noches más esperadas del año musical: Bad Bunny se subirá al escenario del Estadio Riyadh Air Metropolitano para presentar su “DeBÍ TiRAR MáS FOToS World Tour”. Las puertas del recinto —ubicado en la avenida de Luis Aragonés, 4— se abrirán a las 20:00 GMT+2, dando comienzo a una velada que promete ser inolvidable para los miles de aficionados que llenarán las gradas.</p><p>Bajo un dosel de pantallas LED y un juego de luces láser que recorrerá de punta a punta el emblemático Metropolitano, Benito “Bad Bunny” Martínez desplegará un espectáculo audiovisual con producción de primer nivel. El tour, que abarca 23 fechas por Europa y América, incluye cambios de vestuario en tiempo récord, coreografías sincronizadas y efectos pirotécnicos que estallarán al ritmo de cada tema, sumergiendo al público en una experiencia 360°.</p><p>El repertorio repasará los grandes hits de su más reciente álbum —“Debí Tirar Más Fotos”—, como los seductores compases de “Nuevayol” y la energía contagiosa de “Perfumito Nuevo”, junto a clásicos imprescindibles como “Soy Peor”, “Dakiti” y “La Romana”. Se espera asimismo alguna sorpresa con colaboraciones visuales o invitaciones especiales en el escenario, siguiendo la dinámica de innovaciones que el artista ha desplegado en cada parada de la gira.</p>', '2026-05-30 00:00:00', '20:00:00', 'Estadio Riyadh Air Metropolitano', 290.00, '1747743384_bb.webp', 70692, 2, 'Concierto'),
(12, 'Fito & Fitipaldis - Aullidos Tour 25/26', '<p>El sábado por la noche, el Movistar Arena de Madrid se transforma en un auténtico refugio para el rock y el sentimiento: Fito &amp; Fitipaldis regresa con su “Aullidos Tour 25/26”, desplegando todo el caudal emotivo que ha marcado más de dos décadas de historia. Al filo de las 21:00, las luces se atenúan y un susurro colectivo recorre las gradas, repletas de las 17 453 almas que llenan cada rincón del recinto. Una ráfaga de acordes rasgados da la señal de salida, y en el centro del escenario aparece Fito Cabrales junto a su inseparable banda, arropados por un montaje minimalista pero poderoso: columnas de focos blancos, un telón de fondo con imágenes en blanco y negro de viejos vinilos y un suelo iluminado que va cambiando de color al compás de cada tema.</p><p>El repertorio se articula como un viaje por sus grandes clásicos y los nuevos himnos de “Aullidos”: desde la cadencia soul de “Soldadito Marinero” hasta la urgencia melódica de “La casa por el tejado”, pasando por las texturas más íntimas de “Entre la espada y la pared” y la espectacular descarga de “Me equivocaría todo el día”. Cada canción se desliza con la complicidad del público, que corre de un coro al otro, levantando mechones de luz y estallan en vítores cuando Fito invita a corear juntos los versos más conocidos.</p><p>El cierre llega con “Por la boca vive el pez”, en una versión extendida que incorpora un solo de teclado y una percusión tribal, arrancando lágrimas y sonrisas al mismo tiempo. Al abandonar el escenario tras un largo aplauso, queda la certeza de que, en esa noche de mayo, Madrid ha vibrado al ritmo de una banda que sigue reinventando su sonido sin perder jamás su esencia. El “Aullidos Tour 25/26” no es sólo un concierto: es un encuentro generacional donde Fito &amp; Fitipaldis demuestra, una vez más, que el rock y la poesía pueden aullar juntos con fuerza imparable.</p>', '2025-12-29 00:00:00', '20:30:00', 'Movistar Arena de Madrid', 56.50, '1747743926_fito.jpg', 17453, 2, 'Concierto'),
(13, 'JC Reyes KM33 Tour', '<p>El sábado 28 de junio de 2025, Sevilla se prepara para una de las citas más vibrantes del año urbano: JC Reyes aterriza en el Estadio La Cartuja con su “Tour KM 33”, la primera gran gira que celebra el éxito de su álbum homónimo. A partir de las 22:00 h, el artista sevillano —con temas como “Goteras”, “Party” y “BADGYAL” ya consagrados en millones de playlists— tomará el escenario para una velada que promete convertirse en histórico dentro de la música urbana española.</p><p>El montaje escénico se diseñará para sumergir al público en un espectáculo 360°: pantallas LED de alta resolución proyectarán visuales inspirados en la iconografía callejera y el universo KM 33, mientras la pista de baile del estadio retumbará con la percusión y los beats que caracterizan su sonido. Se espera un repertorio que combine nuevos himnos del álbum con sus grandes éxitos, picando en cada tema entre cambios de luz, coreografías de respaldo y potenciales apariciones sorpresa de colaboradores, siguiendo la estela innovadora que ha marcado cada parada de la gira</p>', '2025-06-28 00:00:00', '22:00:00', 'Estadio La Cartuja de Sevilla', 55.00, '1747743917_jc.webp', 57600, 2, 'Concierto'),
(14, 'Mad Cool Festival 2025', '<p>Del jueves 10 al sábado 12 de julio de 2025, Madrid vuelve a convertirse en la capital europea de la música con la séptima edición del Mad Cool Festival, que desplegará más de 60 artistas sobre el espacio Iberdrola Music en el distrito de Villaverde. Durante tres jornadas consecutivas, el recinto de más de 100 000 m² albergará a decenas de miles de asistentes en un entorno pensado para la convivencia musical y cultural.</p><p>El Mad Cool 2025 apuesta por una experiencia 360°: siete escenarios distribuidos entre la zona principal y espacios temáticos —incluyendo Brunch Electronik x Mad Cool, dedicado a la electrónica—, food trucks de cocina internacional, áreas de descanso ajardinadas y una apuesta firme por la sostenibilidad con puntos de reciclaje y una flota de autobuses eléctricos para conectar con el centro de la ciudad.</p><p>En el Main Stage despuntan nombres como Olivia Rodrigo, Kings of Leon, Alanis Morissette e Iggy Pop, mientras que el undercard reúne a formaciones tan diversas como Noah Kahan, Gracie Abrams, Justice, Glass Animals y Future Islands, entre muchos otros. La programación se completa con propuestas de rock alternativo, pop de autor y electrónica de vanguardia, garantizando que cada hora del día tenga su banda sonora.</p>', '2025-07-10 00:00:00', '18:00:00', 'Recinto Iberdrola Music', 98.00, '1747744290_mad.png', 80000, 2, 'Festival'),
(15, 'Rauw Alejandro Cosa Nuestra World Tour', '<p>El sábado 5 de julio de 2025, a las 21:00 h (GMT+2), el Movistar Arena de Madrid (Avenida Felipe II, s/n) se vestirá de gala para recibir a Rauw Alejandro en su “Cosa Nuestra World Tour”. Con un aforo máximo de <strong>17 453 espectadores</strong>, el pabellón multiplicará su energía urbana para acoger a miles de fans dispuestos a corear cada verso de la nueva gira.</p><p>La noche arrancará con un espectacular juego de luces neón y pantallas LED que proyectarán la estética de “Cosa Nuestra”: grafismos inspirados en la cultura callejera neoyorquina de los años 60, tal como el propio artista desveló en su dress code oficial, donde lentejuelas, plumas y siluetas retro rinden homenaje a esa etapa dorada del jazz y el mambo. Al ritmo de los primeros acordes de “Delito”, Rauw aparecerá flanqueado por una compañía de bailarines que, entre coreografías urbanas y fusiones de salsa y reggaeton, transformarán el escenario en un auténtico viaje multisensorial.</p><p>El setlist mezclará los himnos de su quinto álbum —“Baby Hello”, “Desesperados” y el tema que da nombre al tour— con sus grandes éxitos previos, esos que lo han catapultado al estrellato global tras colaborar con Shakira, Selena Gomez o Anuel AA. Cambios de vestuario en tiempo récord, confeti y humo láser marcarán cada transición, mientras la potente sección rítmica y los sintetizadores en vivo suben la tensión hasta el clímax.</p>', '2025-07-05 00:00:00', '21:00:00', 'Movistar Arena de Madrid', 199.50, '1747744596_rauw.webp', 17453, 2, 'Concierto'),
(16, 'Dellafuente x Riyadh Air Metropolitano', '<p>El sábado 21 de junio de 2025, el Estadio Riyadh Air Metropolitano de Madrid vibrará con los acordes más crudos y las letras más honestas de Dellafuente, que celebra su décimo aniversario de carrera con una cita histórica dentro de su “Tour Torii Yama”. Las puertas se abrirán a las 18:00 h para dejar paso a un público ávido de sumergirse en la fusión de flamenco, rap y ritmos urbanos que ha definido al granadino; a las 20:00 h arrancará el espectáculo, aún por confirmar en pequeños detalles, pero cargado de promesas y sorpresas.</p><p>El escenario lucirá un diseño que mezcla minimalismo y estética underground: pantallas LED mostrarán grafismos inspirados en azulejos andaluces y trazos de aerosol, mientras columnas de luz dinamizan el perímetro para crear atmósferas íntimas en el corazón de un recinto cuya configuración de conciertos acoge cerca de 60 000 almas. Entre focos y niebla, Dellafuente emergerá envuelto en una chaqueta oversize y botas de aire clásico, apoyado por sus músicos y coristas, para desgranar en primicia los cortes de “Torii Yama” y escuchar el eco de temas ya icónicos en su repertorio.</p><p>El setlist se moverá con naturalidad entre la melancolía urbana de canciones nuevas —aquellas que hablan de desarraigo y calle— y himnos previos como “Me peleo contigo” o “Lo tengo malo”, capaces de levantar del asiento a cualquiera con un solo riff de guitarra o un golpe de caja. Habrá momentos de pausa, en los que el artista compartirá anécdotas de sus orígenes en YouTube y agradecerá el apoyo incondicional de sus seguidores madrileños, antes de retomar la velocidad en bloques de pura energía rítmica.</p>', '2025-06-20 00:00:00', '20:00:00', 'Estadio Riyadh Air Metropolitano', 60.60, '1747745409_della.jpg', 60000, 1, 'Concierto'),
(17, 'Gira Delaossa 2025-2026', '<p>El sábado 31 de enero de 2026, el Movistar Arena de Madrid (Avenida Felipe II, s/n) abrirá sus puertas a las <strong>19:30 h</strong> para recibir a <strong>Delaossa</strong> en el marco de su esperada <strong>“La Madrugá Tour”</strong>, arrancando el espectáculo a las <strong>21:00 h</strong> ante un aforo de aproximadamente <strong>18 000 espectadores.</strong></p><p>La noche promete ser una inmersión sonora en el universo íntimo y nocturno que Delaossa despliega en su último álbum <strong>“La Madrugá”</strong>, obra largamente esperada tras más de un año de silencio y aclamada por la crítica como uno de los lanzamientos más personales de su carrera. Al descender las luces, el escenario se vestirá de penumbras salpicadas de neones azulados y violetas, recreando el ambiente misterioso de las calles a altas horas. Una gran pantalla central proyectará estampas oníricas donde se entrelazan callejones empedrados, cigarrillos encendidos y grafitis urbanos, mientras columnas laterales de LED simularán la lluvia mansa de una madrugada andaluza.</p><p>El setlist se construirá como un viaje de la oscuridad a la luz: arrancará con los versos más sombríos de “La Madrugá” y avanzará hacia ritmos quebrados y melodías rasgadas en canciones como “Capital de la Noche” o “Noche sin Ti”. Habrá espacios de pausa para que Delaossa comparta con el público anécdotas de su infancia en Málaga y reflexiones sobre la soledad y el renacimiento, antes de retomar la intensidad con cortes emblemáticos de su repertorio previo –ese cruce de flamenco, rap y soul urbano que le ha granjeado un lugar único en la escena española.</p>', '2026-01-31 00:00:00', '21:00:00', 'Movistar Arena de Madrid', 45.10, '1747745809_delaosa.webp', 17453, 1, 'Concierto'),
(18, 'Natos y Waor \"15 Aniversario\"', '<p>El sábado 7 de junio de 2025, el Estadio Riyadh Air Metropolitano de Madrid se convertirá en el epicentro del rap en español con el único concierto de Natos y Waor para celebrar sus 15 años de trayectoria antes de su descanso indefinido. Las puertas del recinto abrirán a las <strong>18:00 h</strong>, dando paso a miles de seguidores que llenarán los graderíos y la pista general; el show arrancará puntualmente a las <strong>20:30 h</strong>, cuando el icónico dúo suba al escenario dispuesto a repasar su carrera de más de una década y media.</p><p>Con un aforo cercano a los <strong>70 692 espectadores</strong>, fruto de las ampliaciones más recientes del estadio —nuevas zonas VIP y skyboxes que elevan su capacidad—, el Metropolitano ofrecerá un marco imponente para una producción que promete ser a la altura de la efeméride: pantallas LED panorámicas, un despliegue de luces láser y una escenografía inspirada en la iconografía urbana que acompaña a Natos y Waor desde sus inicios.</p><p>El repertorio de la noche será un viaje cronológico y emocional: comenzará con los primeros éxitos de sus maquetas underground y avanzará hacia himnos como “Cicatrices”, “Vida Maleza” o “En la Calle”, intercalados con los cortes más recientes de su último disco. Cada tema irá acompañado de cambios de iluminación y visuales callejeros que reflejan la evolución lírica y sonora del dúo, mientras que el ritmo envolvente de la base instrumental y los coros del público convertirán el estadio en un auténtico clamor colectivo.</p>', '2025-06-07 00:00:00', '20:30:00', 'Estadio Riyadh Air Metropolitano', 68.75, '1747745979_natos.webp', 70692, 1, 'Concierto'),
(19, 'Marilyn Manson One Assassination Under God Tour', '<p>El viernes 28 de noviembre de 2025, el Palacio Vistalegre de Madrid acogerá la contundente parada española del “One Assassination Under God Tour” de Marilyn Manson, una gira mundial que respira decadencia gótica y estética industrial.</p><p>Al cruzar el umbral, los fans serán recibidos por un escenario minimalista y provocador: una gran pasarela metálica que se adentra en la pista, flanqueada por torres de focos estroboscópicos y pantallas LED que proyectarán imágenes crípticas entre toques de carmín y negro. La atmósfera se impregnará de humo pesado y la banda sonora de un pre-show con loop industrial mientras la sombra de Marilyn Manson emerge tras un velo negro, presagio de la tormenta sonora que está por desatarse.</p><p>Cuando el reloj señale la hora de inicio, Manson irrumpirá con “One Assassination Under God”, el tema que da título a su duodécimo álbum, acompañado de estallidos de luz roja y un riff cortante que retumbará en cada rincón. El repertorio navegará entre los nuevos cortes de “Chapter 1” —incluidos “As Sick as the Secrets Within” y “In the Air Tonight” (cover)— y clásicos que marcaron su carrera como “The Beautiful People”, “Antichrist Superstar” y “Tourniquet”, garantizando un equilibrio perfecto entre novedad y nostalgia.</p><p>Para el cierre, se reserva un encore explosivo con la apoteosis de “Disposable Teens” y “mOBSCENE”, coronado por una lluvia de pirotecnia y un estroboscopio desbocado que congelará la imagen final del artista en un impacto visual imborrable. Al abandonar el recinto, el público llevará consigo el eco de una noche donde la provocación, el espectáculo y la música se fundieron para reescribir el canon del shock rock en pleno corazón de Madrid.</p>', '2025-11-28 00:00:00', '21:00:00', 'Palacio Vistalegre', 69.50, '1747746504_ma.jpg', 15000, 1, 'Concierto'),
(20, 'AC/DC - Power Up Tour 2025', '<p>El sábado 12 de julio de 2025, el Estadio Riyadh Air Metropolitano de Madrid se encenderá con el estruendo inconfundible de la legendaria banda australiana AC/DC, que recalará en nuestra ciudad como parte de su “Power Up Tour”. Las puertas del recinto, con una capacidad de <strong>60 000 espectadores</strong> en configuración de conciertos, se abrirán previsiblemente a las <strong>19:00 h</strong>, para que los miles de fans tomen posiciones antes de que, a las <strong>21:30 h</strong>, Brian Johnson, Angus Young y compañía inicien el espectáculo.</p><p>La atmósfera del Metropolitano vibrará con una producción diseñada para rendir homenaje a medio siglo de rock &amp; roll puro: una pared de amplificadores Marshall escoltará al guitarrista Angus Young, enfundado en su clásico uniforme de colegial, mientras cañones de fuego y pirotecnia estallan al ritmo de cada riff y estrofa. Pantallas LED gigantes proyectarán visuales retrofuturistas, alternando entre imágenes de la icónica portada de “Power Up” y escenas de archivo que celebran los himnos que han consolidado a la banda como la epítome del hard rock.</p><p>El repertorio combinará nuevos cortes de su álbum “Power Up” con clásicos rabiosos como “Back in Black”, “Highway to Hell” o “You Shook Me All Night Long”, garantizando un flujo imparable de energía y comunión entre el escenario y el público. Entre tema y tema, Brian Johnson intercambiará saludos con el público madrileño y Angus Young descargará solos incendiarios que levantarán al estadio entero.</p>', '2025-07-12 00:00:00', '21:30:00', 'Estadio Riyadh Air Metropolitano', 175.50, '1747746883_ac.jpg', 60000, 1, 'Concierto'),
(21, 'Despistaos - El concierto de nuestras vidas', '<p>El sábado 29 de noviembre de 2025, el Palacio Vistalegre de Madrid se engalanará para acoger “El Concierto de Nuestras Vidas” de Despistaos, cita central de su Gira MMM (Mi Mejor Momento). Con las puertas abriendo a las <strong>19:30 h</strong> y el espectáculo arrancando puntualmente a las <strong>21:00 h</strong>, miles de seguidores tomarán posición para vivir una noche única de rock y emoción.</p><p>En su configuración más imponente, Vistalegre ofrece un aforo de hasta <strong>14 000 espectadores</strong>, jugando con formatos que combinan pista y grada para acercar al público al corazón del show. Bajo un dosel de focos móviles y pantallas LED que proyectan visuales inspirados en la iconografía de la gira —caminos iluminados, grafismos urbanos y fragmentos de letras—, Despistaos saltarán al escenario tras una intro en bucle de guitarras eléctricas rasgando el silencio.</p><p>El pulso volverá a acelerarse con “Lo contrario de ninguno” y “Expertos kamikazes”, justo antes de la parte final, donde brillará una sección de bajo y batería al estilo power-pop que retumbará en cada rincón del recinto. Para cerrar, Despistaos reservarán un encore memorable con “Cada dos minutos”, himno que hará estallar al público en un clamor de guitarras y aplausos antes de despedirse entre confeti y lluvia de luces cálidas.</p><p>Cuando el último acorde se desvanezca, quedará la certeza de haber asistido a “El Concierto de Nuestras Vidas”: una celebración generacional donde la melancolía de sus letras y la fuerza de su sonido se funden para dejar una huella imborrable en Madrid.</p>', '2025-11-29 00:00:00', '21:00:00', 'Palacio Vistalegre', 27.50, '1747748663_despp.jpg', 15000, 1, 'Concierto'),
(22, 'Gira Xaxibo 2025-2026', '<p>El sábado 21 de marzo de 2026, el Palacio Vistalegre de Madrid (Calle de Utebo, 1) abrirá sus puertas a las <strong>21:00 h</strong> para recibir a Xavibo en el arranque de su “Gira Xaxibo 2025-2026”.</p><p>Nada más atravesar el portalón de acceso, el público se sumergirá en un ambiente que combina la crudeza del rap emocional con la sofisticación de un montaje cuidado al detalle. Sobre el escenario, Xavibo aparecerá flanqueado por una gran pantalla LED que proyectará imágenes urbanas y letras en bucle, mientras cuatro torres de focos móviles añaden dinamismo a cada verso. La iluminación alternará tonos fríos —azules y violetas— durante los pasajes introspectivos, y rojos intensos en los momentos de mayor energía.</p><p>El setlist repasará los grandes hitos de su discografía: empezando por los primeros cortes que lo dieron a conocer en la escena independiente, avanzará hacia temas más recientes como “No te enamores” y “Calles vacías”, e incluirá varias composiciones inéditas que Xavibo presentará en primicia. Entre bloque y bloque, habrá espacio para la conexión íntima: micrófono en mano, compartirá anécdotas sobre la creación de sus letras y agradecerá el apoyo de sus seguidores, reforzando esa complicidad que caracteriza cada concierto suyo.</p><p>En la sección final, la base rítmica y los sintetizadores en vivo elevarán la tensión antes del estallido de “Alma rota”, uno de sus temas más celebrados en plataformas digitales, cuyo estribillo coreado desde la grada hará vibrar el pabellón. Para el cierre, Xavibo dejará los focos apagados por un instante y reaparecerá solo con una guitarra acústica para regalarnos una versión íntima de “Sombras del alma”, despidiéndose entre una ovación y fuegos de artificio que iluminarán el cielo de Vistalegre.</p>', '2026-03-21 00:00:00', '20:00:00', 'Palacio Vistalegre', 33.00, '1747748942_xax.jpg', 15000, 1, 'Concierto'),
(23, 'Músicos en la naturaleza 2025', '<p>El sábado 7 de junio de 2025, el paraje de la Finca Mesegosillo, en el corazón de la Sierra de Gredos (Hoyos del Espino, Ávila), volverá a vibrar con la decimoctava edición de <strong>Músicos en la Naturaleza</strong>. Con un aforo limitado a <strong>11 000 espectadores</strong>, el festival ofrece una experiencia única donde la música y el entorno natural se funden en un marco sostenible y respetuoso con el paisaje.</p><p>Las puertas se abrirán a las <strong>19:30 h</strong>, dando paso a los asistentes que, tras instalarse junto a los robles y pinos centenarios, podrán disfrutar de un preámbulo acústico mientras el sol desciende tras las cumbres. A las <strong>20:30 h</strong>, el guitarrista británico Jack Broadbent inaugurará el escenario principal con su dominio del slide guitar y su estilo blues, marcando el arranque de una noche que se alargará hasta bien entrada la madrugada.</p><p>El cartel de 2025, encabezado por la leyenda canadiense <strong>Bryan Adams</strong>, incorporará a la banda escocesa <strong>Texas</strong>, los valencianos <strong>Los Zigarros</strong> y, como telonero de lujo, al propio <strong>Jack Broadbent</strong>. Esta combinación de veteranos del rock y formaciones más jóvenes garantiza un recorrido desde himnos atemporales hasta cortes de reciente factura, todo ello envuelto en la atmósfera limpia y pura del aire serrano.</p><p>Músicos en la Naturaleza no es sólo un festival: es una cita ineludible para quienes buscan compartir pasión por la música en un entorno privilegiado, donde cada acorde resuena con la fuerza de la montaña y cada amanecer sabe a aire puro. Este 7 de junio, la Sierra de Gredos se convertirá una vez más en el mejor escenario al aire libre de España.</p>', '2025-06-07 00:00:00', '20:00:00', 'Hoyos del Espino, Ávila', 82.50, '1747749248_musi.jpg', 11000, 1, 'Concierto'),
(24, 'Los Chicos del Coro, El Musical', '<p>En 1949, el profesor sustituto Clement Mathieu llega al internado “Fondo del estanque”, donde el director Rachin ha impuesto un régimen severo y riguroso sin lugar para la música. Mathieu, antiguo compositor sin suerte, se salta las normas para descubrir la belleza del mundo a unos jóvenes educados bajo la aspereza de la Segunda Guerra Mundial. Con este planteamiento, inspirado en su propia infancia y en un viejo clásico del cine francés, Christophe Barratier creó una de las películas verdaderamente inolvidables de los inicios del siglo XXI, enaltecida por la sublime música de Bruno Coulais.<br><br>“Los chicos del coro, el musical” no es solo la adaptación de un filme que todos amamos. Es, al mismo tiempo, una apuesta por hablar de la necesidad de la música, del arte, para el crecimiento personal. Como decían los antiguos filósofos y pensadores, no es solo que la música amanse a las fieras (en este caso, a unos niños más revoltosos que feroces), sino que el arte es aquello que nos hace auténticamente humanos. Sin la sensibilidad, sin la delicadeza, sin los matices que iluminan el alma y la personalidad, no seríamos libres ni mucho menos llegaríamos a conocer cómo son por dentro los demás.<br><br>“Los chicos del coro, el musical” habla de los niños olvidados pero también del camino que atraviesa el arco iris y conduce a la luz de abril. Habla de la inocencia, del juego, del amor… Habla del esfuerzo y de la solidaridad, del trabajo y del entusiasmo… Habla de la vida. Habla del arte.<br><br>Pedro Víllora, dramaturgo.</p>', '2025-06-21 00:00:00', '20:00:00', 'Teatro La Latina', 35.00, '1747749586_los.jpg', 927, 1, 'Teatro'),
(25, 'Oliver Twist, El Musical', '<p>Esta versión de Oliver Twist es el musical de los niños olvidados, de aquellos que no tienen quien vele por ellos, de aquellos que están a nuestro alrededor con su dolor y su tristeza y que tienden a pasar inadvertidos. Los adultos no siempre vemos la miseria, la soledad, el acoso…; a veces no nos damos cuenta de las señales con las que expresan su angustia, de sus dificultades para hablarnos de lo que se cuela en sus pesadillas. Oliver Twist nos recuerda el niño que fuimos, el que sigue en nuestro interior y nos habla aunque solo lo escuchemos en ocasiones, el que entiende a la perfección a esos otros que, desde el escenario, se ven obligados a crecer demasiado deprisa.<br><br>No es casual que los creadores de ese gran éxito que es el musical Los chicos del coro (el productor Rafa Coto, el escritor Pedro Víllora, el director Juan Luis Iborra) hayan escogido Oliver Twist para su siguiente proyecto juntos. En Los chicos del coro veíamos a unos niños igualmente desprotegidos dentro de un entorno de violencia que iba desde la reciente Segunda Guerra Mundial a las carencias educativas de una época difícil, y que logran encontrar un camino de esperanza mediante la música y la ayuda de unos pocos adultos que sí confían en ellos. Los Chicos del Coro habla de la educación bien entendida, de los valores humanísticos, del arte que nos hace ser mejores. De manera similar, en Oliver Twist está la advertencia de adónde conduce una sociedad que descuida la formación y el cuidado de los más jóvenes, a la vez que nos muestra cómo nuestras buenas acciones hacia los demás pueden contribuir decisivamente a crear un mejor futuro protegiendo a aquellos que habrán de construirlo.<br><br>Con Oliver Twist, el musical se quiere llenar de ilusión y esperanza a los espectadores más jóvenes y a sus familias. Oliver es un héroe adolescente, un muchacho que está a punto de complicarse la vida para siempre pero que logra salir adelante con buen ánimo, confianza y con algo de ayuda por parte de sus mayores. Es algo que nos ha pasado casi a todos (aunque, por fortuna, con menos dramatismo), y es lo que quisiéramos proponer a los demás: un futuro inmediato de música, de entretenimiento, de emoción, de felicidad. Eso es Oliver Twist, el musical.</p>', '2025-11-14 00:00:00', '19:30:00', 'Teatro La Latina', 29.75, '1747749756_ooli.jpg', 927, 1, 'Teatro'),
(27, 'El Último Cantar', '<h3>Todo por el honor. Son más que palabras para el joven Rodrigo. Forjará su leyenda en una Castilla fragmentada sin olvidar nunca sus votos de caballero. La historia podrá olvidar sus gestas pero, mientras que en una sola plaza se escuche su Último Cantar, su leyenda permanecerá viva para siempre.</h3><h3><strong>Emociónate con las aventuras de este noble Caballero</strong></h3><p>Ve como doma a su caballo Babieca al son de su flauta, guerrea y practica la justicia; y como toda su vida va guiada por los votos que alguna vez hizo en su juventud: los de servir a la justicia y prestar misericordia.</p><h3><strong>Una puesta en escena única en el Mundo</strong></h3><p>En un teatro insólito, vive y siente las hazañas de un caballero que lo dio todo por el honor: es el último cantar de Rodrigo Díaz de Vivar, Cid Campeador.</p>', '2025-06-21 00:00:00', '10:00:00', 'Puy du Fou España, CM40 salida 13, Toledo', 65.00, '1748011411_ult.jpg', 100, 3, 'Actuaciones'),
(28, 'A Pluma y Espada', '<p>El Gran Corral de Comedias luce sus mejores galas. Don Fernán Gómez, corregidor de Toledo, se estrena como autor de teatro con su obra Fuenteovejuna. Nadie en la ciudad se lo quiere perder. Las risas parecen aseguradas... sólo habrá que ver quién ríe el último. Lope de Vega no puede permitirse tal fraude. Hará saber que en Toledo se honra a quien lucha a pluma y espada.</p><h3><strong>Toda una aventura que también le inspira la escritura de su próxima Obra de Teatro</strong></h3><p>Pero las cosas no salen según lo previsto. Al parecer, el verdadero autor de la obra no es quien dice ser... el ingenioso, impetuoso e impávido Lope de Vega viene a recuperar lo suyo: que el corregidor le haya robado su obra, poco le importa al Fénix de los Ingenios, pero que intente violentar a Laurencia su novia y atentar contra la vida del rey, el dramaturgo peleón no lo puede permitir.</p><h3><strong>¡Duelos, Complots y hasta una Historia de Amor!</strong></h3><p>Sigue la aventura de este espadachín de brío, desde su combate con los soldados del corregidor sobre los tejados de Toledo, hasta su estelar aparición delante del Rey, para desvelar el complot que amenazaba la vida de su Majestad, pasando por escenas épicas de la Gran Armada.</p>', '2025-06-21 00:00:00', '10:00:00', 'Puy du Fou España, CM40 salida 13, Toledo', 65.00, '1748011525_plu.jpg', 150, 3, 'Actuaciones'),
(29, 'El Tambor de la Libertad', '<p>En el corazón de Toledo, el eco de un tambor rompe el silencio, desafiando ejércitos y despertando almas. Una fragua arde como un juramento y una lucha se teje entre llamas. ¿Qué queda de nosotros si olvidamos nuestros antepasados? ¿Qué queda de las historias que marcaron esta tierra?</p><h3><strong>No luchan por ellos, luchan por aquellos que no pudieron.</strong></h3><p>Año 1812. Las tropas napoleónicas avanzan, el alma de España se resiste a ser doblegada. Las sombras cubren Toledo, un tambor resuena de esperanza desafiando el destino.</p><p>En el camino, Antonio, con el polvo sobre sus hombros. A su lado, Valle, espíritu indomable, avanzan con el brillo de la victoria.&nbsp;Cada golpe del tambor es una chispa del fuego, un llamado a los hijos del fuego.</p><h3><strong>La gesta de un pueblo invencible</strong></h3><p>La historia de honor y sacrificio que cobra vida en un escenario imponente con decorados que se alzan hasta 22 metros de altura. Un espectáculo grandioso que emocionará a 3.000 personas en cada función.</p><p>El Tambor de la Libertad resuena sin cesar, como el martillo en el yunque, forjando el espíritu de un pueblo que se niega a morir. ¿Lo escuchas? Es el latido de una tierra que jamás se rendirá, un recuerdo grabado en el alma.</p>', '2025-06-21 00:00:00', '10:00:00', 'Puy du Fou España, CM40 salida 13, Toledo', 65.00, '1748011722_tambhor.jpg', 200, 3, 'Actuaciones'),
(30, 'Allende la Mar Océana', '<p>Granada es ya cristiana y la última entrevista de Cristóbal Colón con la reina Isabel da un giro inesperado: Castilla pagará la aventurada expedición. La carabela Santa María espera atracada en el puerto de Palos. La misión es unir oriente por poniente. Catay y Zipango esperan. Un Nuevo Mundo por descubrir.</p><h3><strong>Fascinantes efectos especiales para experimentar las sensaciones de alta mar</strong></h3><p>Pasearás por el puerto de Palos adentrándote en el bullicio de los últimos preparativos de la expedición. Junto con la tripulación, embarcarás luego en la propia nave, y te harás a la mar. Pasarás de un camarote a otro del barco siguiendo el ritmo de la expedición que llevó a un puñado de hombres al gran descubrimiento, aquel 12 de octubre.</p><h3><strong>Vive la Gran Hazaña que llevó a España \"Allende la mar Océana\"</strong></h3><p>Después de la despedida andaluza y una primera etapa en Canarias, avanzarás a través de un inexplorado mar hacia el oeste, en un viaje lleno de grandes esperanzas, tempestades y dudas …hasta escuchar la palabra tan deseada - “¡TIERRA!”.</p>', '2025-06-22 00:00:00', '11:00:00', 'Puy du Fou España, CM40 salida 13, Toledo', 65.00, '1748011800_aaaa.jpg', 75, 3, 'Actuaciones'),
(31, 'Cetrería de Reyes', '<p>Las tropas del califato de Córdoba han caído en Simancas. Exhaustos por la refriega, Abderramán y Fernán González pactan una tregua. Ya no se lucha sobre la tierra, pero eso no impide medir fuerzas en los cielos. Las armas dejan paso ahora a las aves más majestuosas del norte y del sur en una gesta pacífica.</p><h3><strong>Una justa sin armas, un duelo de esplendores volantes</strong></h3><p>He aquí el Conde Fernán González de Castilla que viene de embajada, para aceptar la tregua y regalar al Califa un águila real en señal de paz. En respuesta, el califa cetrero le enseña sus azores. Comienza entonces una justa sin armas, duelo de esplendores volantes donde se encuentran dos tradiciones de cetrería: la gran cetrería de alto vuelo de los califas árabes y la cetrería Romano-Visigoda que practican los príncipes cristianos.</p><h3><strong>Un baile aéreo único en el Mundo</strong></h3><p>Abderramán y su invitado rivalizan así en esplendor con deslumbrantes aves, hasta que se llegue a cubrir el cielo durante el final con las grandes aves blancas del Guadalquivir y del Ebro, para celebrar la boda del joven príncipe con su amada mora.</p>', '2025-06-22 00:00:00', '12:00:00', 'Puy du Fou España, CM40 salida 13, Toledo', 65.00, '1748011868_AF.jpg', 180, 3, 'Actuaciones'),
(32, 'El Misterio de Sorbaces', '<p>Año 589, cuando aún humeaban las ruinas del Imperio Romano y coexistían dos pueblos sin convivir. En este recóndito paraje, se celebra en secreto una boda prohibida entre una joven romana y un príncipe godo, en presencia de la Santa Reliquia. Pero el rey Recaredo se entera, y viene a saquear el pueblo. Hasta que el Cielo se manifieste.</p><h3><strong>Un Misterio que permaneció intacto durante siglos</strong></h3><p>En 1858, Francisco Morales, vecino de Guadamur, descubrió a escasos metros de aquí el tesoro más importante de los reyes visigodos conocido hasta la fecha enterrado en las tierras de la huerta de Guarrazar. Todos los atributos de su soberanía estaban cuidadosamente dispuestos allí, testigos mudos de glorias desvanecidas. Coronas de soberbia riqueza, hechas de oro fino y engastadas con perlas y zafiros, yacían aquí, entre los restos apenas visibles de una basílica real: Santa María de Sorbaces.</p><h3><strong>Reyes de un Mundo Antiguo</strong></h3><p>Las coronas se vendieron y ahora se conservan en el Museo Arqueológico Nacional de Madrid y el Cluny de París. Pero el misterio permaneció intacto, y desató las pasiones de la comunidad científica: ¿Por qué coronas con semejante forma? ¿Por qué un santuario real aquí? Según cuentan de padres a hijos, en estas tierras se obró un gran milagro...</p>', '2025-06-28 00:00:00', '11:30:00', 'Puy du Fou España, CM40 salida 13, Toledo', 65.00, '1748011935_MIST.jpg', 100, 3, 'Actuaciones'),
(33, 'De Tal Palo...', '<p>Julián Gutiérrez es muy cabalito. No da puntadas sin hilo, y no está dispuesto a que se olvide a los que le han precedido; pues si la historia cambia, la madera no. Invita a todos los señoritos de este siglo olvidadizo a pasear por el maravilloso jardín de su memoria.</p><h3><strong>¿De qué madrea está hecho un auténtico Julián Gutiérrez?</strong></h3><p>No lo duden, adéntrese a conocer la historia de esta familia al grito de “de tal palo…” y podrán contemplar a algunas de sus portentosas astillas dormidas entre las brumas del tiempo. De la defensa de Numancia a la sagrada cueva de Covadonga, y de las Navas de Tolosa a la rendición de Granada, sin olvidar los horrores de la Guerra de la Independencia. Todos los cinco Julián Gutiérrez que ha dado España aguardan para mostrar su legado y evitar que se olvide.</p>', '2025-06-28 00:00:00', '13:00:00', 'Puy du Fou España, CM40 salida 13, Toledo', 65.00, '1748012006_juli.jpg', 50, 3, 'Actuaciones'),
(34, 'Desmayarse', '<p>Un encuentro entre un poeta y una doncella. Un cortejo inocente, bueno siendo Lope, no tan inocente. Seducir a la hija del corregidor es un juego peligroso, ay… Pero el amor es ciego. Las afrentas al honor, y más el de una hija se pagan con sangre ¿Podrá nuestro héroe salir de este lío?</p><h3><strong>Versos, corazones desbocados; la juventud es así.</strong></h3><p>Lope siempre se deja arrastrar por la pasión. El rostro de Belisa lo ha hechizado. Tiene que demostrarle su amor de la mejor manera que sabe; poemas que salen del fondo de su alma. Pero los balcones de Villanueva no son discretos. El corregidor no va a permitir que un galán seduzca a su amada hija. La espada del Fernán Gómez está dispuesta a cortar la pluma del poeta. Sed testigos de la primera andanza del Fénix de los ingenios.</p>', '2025-06-28 00:00:00', '10:30:00', 'Puy du Fou España, CM40 salida 13, Toledo', 65.00, '1748012067_des.jpg', 200, 3, 'Actuaciones'),
(35, 'El Espadero de Vivar', '<p>Dicen que aquí se forjó Tizona. Transmitido de maestro a aprendiz desde la roca del viejo Toledo, el secreto de la alquimia se custodia en esta forja. Antonio, el maestro espadero de Vivar, viste las manos de los mayores héroes y hace posibles las mayores hazañas. Escudos y armaduras lucen en sus paredes junto a las espadas del Cid y del Gran Capitán.</p><h3><strong>El Arte de Forjar Espadas&nbsp;</strong></h3><p>Sumérgete en el fascinante mundo del arte ancestral de la forja de espadas con el Maestro Antonio en el espectáculo <i>El Arte de Forjar Espadas</i>. Descubre la maestría detrás de la creación de estas armas legendarias y explora las espadas más importantes en un viaje a través de la Historia.</p>', '2025-06-28 00:00:00', '11:30:00', 'Puy du Fou España, CM40 salida 13, Toledo', 65.00, '1748012294_esp.jpg', 170, 3, 'Actuaciones'),
(36, 'El Sueño de Toledo', '<p>Del Reinado de Recaredo a las Navas de Tolosa, del descubrimiento de América a la llegada del ferrocarril; este gigantesco lienzo&nbsp;emociona y transporta a los espectadores a través de 1.500 años de Historia representada por 200 actores y con unos espectaculares efectos especiales sobre un inmenso&nbsp;escenario de 5 hectáreas.</p><h3><strong>El espectáculo más grande de España</strong></h3><p>Un espectáculo nocturno único en el mundo en el que la Historia cobra vida, cruza las murallas de la ciudad y atraviesa las profundidades del río. Emociónate con este gran espectáculo de 70 minutos de duración y revive en primera persona los episodios históricos más importantes que han dado forma a la sociedad actual.</p><h3><strong>Un fresco gigante para atravesar la Historia</strong></h3><p>En un atardecer a orillas del Tajo, la joven lavandera María se encuentra con el viejo Azacán de Toledo. El hombre la lleva por un viaje en el tiempo y le hace revivir los grandes momentos de la Historia de España a través de protagonistas como el rey taifa Al-Mamún, la Reina Isabel o el emperador Carlos V.</p>', '2025-06-18 00:00:00', '21:30:00', 'Puy du Fou España, CM40 salida 13, Toledo', 65.00, '1748266038_elsue.jpg', 100, 3, 'Actuaciones'),
(37, 'Elucubraciones del Sereno', '<p>Por los caminos te lo puedes encontrar, es el viejo Julián, sereno de Toledo que tantas veces ha dado luz a la ciudad.&nbsp;</p><h3><strong>Camina con paso seguro y candil en la mano.</strong></h3><p>Su figura recorre plazuelas y calles empedradas. Es el viejo Julián, sereno de la ciudad. Su farol ha sido testigo de innumerables noches. Su rostro tiene tantas arrugas como su remendada chaqueta. Toda una vida pateando la noche. Guardián de historias y leyendas, aquellos transeúntes que se lo pidan pueden ganarse una de sus andanzas. Verdadero tesoro de tradición oral.</p>', '2025-06-19 00:00:00', '18:30:00', 'Puy du Fou España, CM40 salida 13, Toledo', 45.00, '1748266284_elu.jpg', 30, 3, 'Actuaciones'),
(38, 'The Book of Mormon', '<p>En su primera temporada, THE BOOK OF MORMON ha sido elegido como el <strong>MEJOR MUSICAL de 2024</strong>, según los Premios Talía, Broadway World y Premios de Teatro Musical. Hasta la fecha, ningún otro musical había recibido tan unánime reconocimiento de los 3 premios que anualmente otorga el sector, la crítica y el público.</p><p>Es la única comedia contemporánea que se representa simultáneamente en las tres grandes capitales mundiales de los musicales, donde ha conquistado a más de <strong>10 millones de espectadores</strong>, continuando sus representaciones en Broadway desde hace más de 13 años y en Londres desde hace 11. Internacionalmente ha sido igualmente premiado con <strong>9 Tony y 4 Olivier (incluido Mejor Musical en ambos galardones)</strong>.</p><p><strong>De los creadores de South Park - Trey Parker y Matt Stone- y Robert López, compositor de grandes éxitos como Coco y Frozen, THE BOOK OF MORMON</strong> es la cita imprescindible para los amantes de los grandes musicales.</p><p>Con una banda sonora magistral, unido a un altísimo nivel de interpretación y danza, THE BOOK OF MORMON es uno de los musicales más sorprendentes y divertidos hasta la fecha.</p><p>Considerado <strong>\"el musical más atrevido, salvaje y divertido hasta la fecha\", \"el mejor musical del siglo\", \"una noche de carcajadas sin paliativos\" o \"indecentemente divertida\". </strong>THE BOOK OF MORMON <strong>no dejará indiferente a nadie.</strong></p><p>Esta gran comedia musical, puede disfrutarse en su segunda temporada en el icónico Teatro Calderón, de la mano de ATG Entertainment, productora líder de musicales en España, con grandes éxitos como Matilda, Priscilla, West Side Story, Billy Elliot, Sonrisas y Lágrimas, Grease o MAMMA MIA!, con quien comparte equipo creativo. Solo en Madrid.</p><p>Vive una experiencia teatral inolvidable con THE BOOK OF MORMON en Madrid.</p>', '2025-06-20 00:00:00', '21:00:00', 'Teatro Calderón', 30.00, '1748266732_the.webp', 1000, 4, 'Teatro'),
(39, 'Mamma Mia! El Musical', '<p>Vive la experiencia <strong>MAMMA MIA!</strong> que ya ha cautivado a más de 800.000 espectadores antes de su última función el próximo 15 de junio. Tras tres temporadas de éxito, Mamma Mia! El Musical se despide de Madrid y muy pronto arrancará su gira por las principales ciudades de España. Está producida por ATG Entertainment, responsable de Billy Elliot, Priscilla Reina del Desierto, Grease, West Side Story, Matilda, Chicago y The Book Of Mormon entre otros.</p><p><strong>MAMMA MIA! El Musical</strong>, está basado en los <strong>23 grandes éxitos de ABBA</strong> tales como «Dancing Queen» «Gimme Gimme Gimme» «Chiquitita» o «The Winner Takes It All» entre otros. Un homenaje a las madres y a sus hijas, al amor y a los viejos amigos. Ha sido galardonada como Mejor Coreografía por los Premios Teatro Musical.</p><p><strong>MAMMA MIA! es la comedia musical</strong> con la que no podrás evitar cantar, bailar y emocionarte al ritmo de las canciones de ABBA. Esto lo convierte en un musical para todo tipo de edades y público, para disfrutarlo en pareja, en grupos de amigos o en familia.</p><p><strong>Más de 65 millones de espectadores</strong> en todo el mundo ya han viajado a la idílica isla griega para asistir a la boda del año, enamorarse de sus personajes y contagiarse con su energía positiva. ¡Aún estás a tiempo de verlo a repetir de nuevo!</p><p><br>&nbsp;</p>', '2025-06-11 00:00:00', '20:00:00', 'Teatro Rialto', 69.60, '1748267050_mm.jpg', 1020, 4, 'Teatro');
INSERT INTO `eventos` (`id_evento`, `nombre`, `descripcion`, `fecha`, `hora`, `ubicacion`, `precio`, `imagen`, `aforo`, `id_empresa`, `categoria`) VALUES
(40, 'El Rey León El Musical', '<h2><strong>TODO EMPEZÓ EN DISNEY</strong></h2><p>El Rey León es un ejemplo destacado de cómo&nbsp;la música de Disney cobra vida en el escenario. La adaptación teatral de esta película icónica ha cautivado a audiencias en Madrid con su asombroso vestuario, coreografías impresionantes y, por supuesto, las canciones inolvidables que todos conocemos y amamos. Cuando el&nbsp;Teatro Lope de Vega&nbsp;se llena de las notas de&nbsp;<i>El Ciclo Vital</i>&nbsp;o&nbsp;<i>Hakuna Matata</i>, el público&nbsp;es transportado a la sabana africana y se siente parte de la historia.</p><h2><strong>LA HISTORIA A TRAVÉS DEL ESCENARIO</strong></h2><p>El diseño escénico del musical El Rey León, creado por el talentoso Richard Hudson en colaboración con Julie Taymor, es una manifestación emocional de los elementos esenciales de la historia. Desde la imponente Roca del Rey hasta el sombrío Cementerio de Elefantes, cada detalle está cargado de significado y emoción.</p><p>El diseño escénico no solo crea un espectáculo visualmente impactante, sino que también sumerge al público en la emoción de la historia, haciéndoles sentir la tragedia y la grandiosidad de El Rey León de manera intensa y visceral.</p><h2><strong>UNA OBRA DE ARTE MAGISTRAL</strong></h2><p>Inspirado en las antiguas artes del juego de máscaras y sombras. El Rey León te lleva en un viaje a un mundo fantástico donde personas y animales se fusionan en una simbiosis extraordinaria utilizando más de 300 máscaras, títeres y accesorios impresionantes.</p>', '2025-06-15 00:00:00', '16:00:00', 'Teatro Lope de Vega', 45.00, '1748267279_rey.jpg', 1496, 4, 'Teatro'),
(41, 'Aladdín El Musical', '<h2>Magia, espectáculo y diversión</h2><p>Todo lo que deseas encontrar en un musical hecho realidad. Eso es&nbsp;<i><strong>Aladdín</strong></i>, el musical creado por Disney y producido por Stage Entertainment que, cada tarde, llena de magia, espectáculo y diversión el teatro Coliseum de Madrid.</p><p>Considerado uno de los mejores musicales de todos los tiempos, te transportará al más deslumbrante de los mundos desde que se levanta el telón.</p><p>Descubre todo lo que rodea al musical más mágico de Madrid</p><h2>Reconocimiento mundial</h2><p>De los mismos productores de otros musicales míticos de Disney como <i>La Bella y la Bestia </i>y <i>El Rey León (show </i>que continúa batiendo records en la Gran Vía madrileña),<i> Aladdín</i> cuenta además con una de las más destacadas bandas sonoras de todos los tiempos.&nbsp; Compuesta por el maestro del musical y ganador de 8 premios Oscar, Alan Menken (compositor de otras bandas inolvidables como <i>La Sirenita</i>, <i>La Bella y la Bestia</i> o <i>Pocahontas</i>), <i>Aladdin</i> fue premiada con los Oscar a Mejor banda sonora y Mejor canción original por <i>Un mundo ideal</i>.</p>', '2025-06-13 00:00:00', '20:00:00', 'Teatro Coliseum', 73.44, '1748267618_ala.webp', 1387, 4, 'Teatro'),
(42, 'Nuevo Wah que Comience el Show', '<h3><strong>Tras más de dos años de haber sido prohibida por las autoridades...</strong></h3><p>en los últimos días se han intensificado los rumores sobre un incremento de la presión sobre los últimos resquicios de la industria de la música.​</p><p>Si en estos meses, se han cerrado, restringido o clausurado las principales actividades lúdicas musicales, obligado a la clandestinidad otras, y limitado la actividad de las restantes, ahora se avecina una ofensiva total para lograr el <strong>cierre del último reducto de celebración musical </strong>activo en la siempre rebelde ciudad de Madrid.&nbsp;<br>La autodenominada resistencia, conocidos como <strong>“WAH”</strong> son ahora el objetivo del gobierno de <strong>Nación Omega</strong>. Su cierre parece inminente y ni la creciente <strong>ola de apoyo social</strong>, cultural y de figuras internacionales parece ser suficiente para evitarlo.</p><p>Es cuestión de semanas o incluso días que se produzca una intervención que <strong>clausure sus actividades.</strong></p><p>La razón de esta decisión está relacionada con los efectos sociales de su actividad. Quienes disfrutan de esta clandestina experiencia, manifiestan sentirse inevitablemente felices, casi eufóricos, con una sensación de libertad desmesurada.</p><p>Las autoridades han advertido en numerosas ocasiones de los peligros de estas&nbsp; actividades y de los riesgos que esto supone para la&nbsp; salud moral de la sociedad, y esta vez parecen decididos a tomar medidas para acabar con cualquier tipo de actividad vinculada al tráfico y distribución masiva de endorfinas.</p>', '2025-06-14 00:00:00', '19:30:00', 'Ifema', 45.00, '1748267968_wa.jpeg', 1000, 4, 'Actuaciones'),
(43, 'Los pilares de la tierra, El Musical', '<h2>Los pilares de la tierra, el musical</h2><p><strong>Los pilares de la tierra, el musical</strong><br>El musical que se recordará para siempre arrasa en Madrid. Los creadores de El Médico, el musical y La Historia Interminable, el musical presentan la adaptación musical de Los pilares de la tierra, el musical, la célebre novela de Ken Follett. Una superproducción de beon. Entertainment que te llevará a un viaje inolvidable, sumergiéndote en una historia épica de pasión, ambición y lucha.</p><p>Estrenado mundialmente en noviembre de 2024 en el Teatro EDP Gran Vía de Madrid, el espectáculo ha conquistado al público con su impresionante puesta en escena. En la convulsa Inglaterra del siglo XII, Aliena, hija del conde Bartholomew, lucha por recuperar el legado de su familia tras la caída de su padre, víctima de las intrigas de los Hamleigh. Mientras protege a su hermano menor, su destino se cruza con el de Tom Builder, un albañil con el sueño de construir una catedral que desafíe al tiempo. Junto al hermano Philip, un monje visionario, enfrentan las conspiraciones de William Hamleigh y las ambiciones de Waleran, un clérigo despiadado que utiliza la religión en su propio beneficio.</p><p>beon. Entertainment es la productora que apuesta por la creación de títulos propios y originales, donde Dario Regattieri es el productor ejecutivo; Iván Macías, el compositor y productor artístico; y Félix Amador, el creador del libreto y letras.</p>', '2025-06-28 00:00:00', '21:00:00', 'Teatro EDP Gran Vía', 58.32, '1748268215_edp.jpg', 950, 4, 'Teatro'),
(44, 'El Musical de los 80s 90s', '<h2>El musical de los 80s 90s</h2><p>La inauguración de un bar es la excusa perfecta para organizar el reencuentro de los amigos del instituto que terminaron sus estudios hace 25 años, comenzando juntos en el 90.</p><p>La Movida del Bacalao es la sede donde se reúnen para recordar de una época que marcó la vida de sus protagonistas, al ritmo de la mejor música de aquella juventud, donde no existían redes sociales.</p><p>Con el recuerdo de antaño, la realidad demuestra que la vida de esos antiguos amigos ha cambiado mucho respecto a lo que esperaban (unos más que otros); pero ellos en el fondo siguen siendo los mismos.</p>', '2025-06-29 00:00:00', '19:00:00', 'Teatro EDP Gran Vía', 25.00, '1748268602_8090.jpg', 950, 4, 'Teatro'),
(45, 'Cenicienta, El Musical', '<p>Érase una vez un musical legendario.</p><p>Un memorable <strong>éxito de Broadway</strong> que, en 2025 y de la mano de <strong>Stage Entertainment</strong>, llegó por fin a Madrid.</p><p>Un cuento de hadas que se reinventó para brillar con más fuerza que nunca, y nos descubrió a una heroína contemporánea valiente y decidida que luchaba por construir un mundo mejor.</p><p>Su extraordinaria partitura, compuesta en la edad de oro del teatro musical por <strong>Rodgers &amp; Hammerstein</strong>, en cada función era interpretada <strong>en directo por una magnífica orquesta</strong> creando una atmósfera envolvente, inmersiva, mágica.</p><p>Pero eso no era todo. Su montaje, combinando elementos del teatro tradicional con recursos tecnológicos de última generación, convirtieron este clásico en el espectáculo visual más impactante de la temporada…</p>', '2025-10-04 00:00:00', '21:00:00', 'Teatro Coliseum', 47.00, '1748268977_ce.avif', 1387, 4, 'Teatro'),
(46, 'Bajo las luces de Broadway', '<h2><strong>BAJO LAS LUCES DE BROADWAY</strong></h2><p>«Bajo las Luces de Broadway» es<strong>&nbsp;un emocionante viaje al corazón de los sueños&nbsp;</strong>y la pasión por el&nbsp;<strong>teatro musical.</strong></p><p>Entre nervios, audiciones y paseos por los teatros más icónicos de Broadway, la protagonista nos sumerge en una&nbsp;<strong>experiencia inolvidable llena de música</strong>, emoción y mucho humor. A lo largo de la historia, se interpretan en directo algunos de los<strong>&nbsp;temas más emblemáticos del teatro musica</strong>l, convirtiendo cada escena en un homenaje a los sueños y a la perseverancia.</p><p>​ Una<strong>&nbsp;obra divertida y emotiva&nbsp;</strong>que nos recuerda que, cuando luchas por lo que amas, los sueños más brillantes están siempre al alcance.</p>', '2025-06-21 00:00:00', '20:30:00', 'Tatro Alerquín de Gran Vía', 15.00, '1748269295_bb.jpg', 350, 4, 'Teatro'),
(47, 'Los Tacones de Papá', '<p>No te pierdas&nbsp;Los tacones de papá, una divertida obra que disfrutarás en el&nbsp;Teatro Lara.</p><p>Adéntrate en el fascinante universo del&nbsp;transformismo&nbsp;a través de los ojos de Marta, una joven católica apostólica y romana que, tras la inesperada muerte de su padre, se sumerge en un mundo donde los colores no conocen límites.</p><p>La partida de \"La Castro\", la glamurosa Drag más destacada de la ciudad, obliga a Marta a despedirse de su padre, quien había desaparecido de su vida cuando aún era una niña. Marta, una joven de convicciones conservadoras y ferviente fe, se encuentra con una sorpresa que la dejará al borde de un síncope al contemplar el cuerpo de su padre ataviado con la mejor bata de cola y decorado con rímel en exceso.</p><p>Gracias a las influencias de dos amigas transformistas de su padre, Marta se embarcará en un viaje de autodescubrimiento hacia un mundo lleno de contrastes. Esta comedia musical rebosa provocación, humor desbordante, excelentes interpretaciones musicales y una pizca de irreverencia, convirtiendo la historia de Marta en un viaje inolvidable que desafía las expectativas y mezcla la realidad con la fantasía en un torbellino de emociones y diversión.</p><p>¡Prepárate para una experiencia única donde la fe se encuentra con el brillo del transformismo!</p>', '2025-06-12 00:00:00', '23:00:00', 'Teatro Lara - Sala Cándido Lara', 16.00, '1748269635_lolo.webp', 464, 4, 'Teatro'),
(48, 'Trovadores del Jazz', '<p>Las bellas e inolvidables voces de&nbsp;<strong>Frank Sinatra</strong>,&nbsp;<strong>Ella Fitzgerald</strong>,&nbsp;<strong>Louis Amstrong</strong>,&nbsp;<strong>Nat King Cole</strong>&nbsp;ó&nbsp;<strong>Nina Simone</strong>, fueron esenciales para acercar el jazz más puro y complejo al gran público, a través de un estilo más fresco e innovador:&nbsp;los standards americanos.<br>&nbsp;<br>Son las canciones favoritas de&nbsp;<strong>Gonzalo</strong>, un joven cantante que, algo cansado de la música actual, decide utilizar su imaginación para viajar en el tiempo y soñar que está entre el público de club de jazz de los años 50, donde sonaban aquellas bellas y magistrales melodías de&nbsp;Cole Porter, George Gershwin, Irvin Berling... En su mente materializa el lugar ideal y a sus artistas: Susan, la bella cantante y “musa del club” quien parece estar sacada de una película al más puro estilo “Old Hollywood” y su virtuoso (y algo descarado) pianista de jazz.&nbsp; Todo empieza a cambiar cuando la musa se da cuenta de la presencia del muchacho y le invita a subir al escenario junto a ella. El sueño poco a poco empezará a confundirse con la realidad…<br>&nbsp;<br>Así comienza un trepidante espectáculo musical donde se escucharán grandes canciones como:&nbsp;“Fly Me To the Moon”,&nbsp;“As Time Goes By”,&nbsp;“Over the Rainbow”,&nbsp;“I´ve Got You Under My Skin”,&nbsp;“My Baby Just Cares For Me”,&nbsp;“Night and Day”&nbsp;...&nbsp;&nbsp;y donde también se evocarán algunas de las icónicas películas de antaño como&nbsp;“El Mago de Oz” “Casablanca” “Tiempos Modernos” o “Gilda”…</p><p>¡Revive los clásicos de una época dorada para la música en un concierto diferente y emocionante de la mano de los&nbsp;“<i><strong>Trovadores del Jazz</strong></i><strong>”</strong>:&nbsp;el espectáculo en plena Gran Vía madrileña y que triunfa en su&nbsp;<strong>ya 3ª temporada</strong>!</p>', '2025-06-25 00:00:00', '20:30:00', 'Teatro Arlequín Gran Vía', 15.00, '1748269822_tro.jpg', 350, 4, 'Teatro'),
(49, 'Alicia en el País de las Maravillas, El Musical', '<p>Alicia es una joven inquieta e imaginativa, que sueña con vivir en un mundo mágico y maravilloso…¿Quién podrá negarle ese deseo?</p><p>De la&nbsp; mano del Sr. Conejo, se embarcará en un fascinante viaje a ese lugar donde los sueños se hacen realidad. Vivirá mil aventuras con característicos personajes como la Oruga Azul o la Gatita de Cheshire. Disfrutará celebrando su NO CUMPLEAÑOS con el Sombrerero Loco y su amiga Humpty Dumpty.</p><p>Jugará en el Gran Torneo de Croquet, contra la&nbsp; Reina de Corazones.</p><p>Únete a esta aventura sin igual junto a la&nbsp; encantadora Alicia.</p>', '2025-09-28 00:00:00', '12:00:00', 'Teatro Lara - Sala Cándido Lara', 22.00, '1748269948_ali.jpg', 464, 4, 'Teatro'),
(50, 'Con la boca abierta', '<p>La suerte de cinco desconocidos cambia radicalmente cuando una visita celestial les sorprende en medio de la consulta de un dentista. Armonio, un dios joven y terriblemente torpe, elige a cinco tipos al azar con el objetivo de convertirlos en algo que parece imposible… un grupo a capela.<br><br>A través de diferentes pruebas que llevan al límite su destreza musical y su capacidad para trabajar en equipo, la obra explora el potencial fascinante de la voz humana de una forma divertida y sorprendente, demostrando que el instrumento musical más alucinante que existe lo tenemos mucho más cerca de lo que pensamos.<br><br>Más de&nbsp;100 éxitos musicales&nbsp;desfilan a lo largo de esta fiesta sonora de beatbox, virtuosismo vocal y grandes dosis de humor para todos los públicos.<br><br>Con la boca abierta&nbsp;lleva más de tres temporadas siendo el musical mejor valorado en la ciudad de Madrid, obteniendo el&nbsp;Premio BroadwayWorld del Público en 2023. No te lo pierdas en el Teatro Lara.</p>', '2025-06-22 00:00:00', '21:00:00', 'Teatro Lara - Sala Cándido Lara', 20.00, '1748270564_hgf.avif', 464, 4, 'Teatro'),
(51, 'Maestrissimo Yllana', '<p>M<i>aestrissimo</i> es un espectáculo «<i>allegro e molto vivace</i>», a mitad de camino entre el concierto de cámara, la comedia satírica y el retrato de época, en el que se muestran, al más puro estilo Yllana, las aventuras y desventuras de un cuarteto de cuerdas en un período indeterminado entre los siglos XVII y XVIII (Barroco y Neoclasicismo).</p><p>Un músico de relleno, un segundón sin apellidos, pero con un talento descomunal, intentará progresar en el escalafón y alcanzar el título de <i>maestrissimo</i>. ¿Serán su talento y su genialidad suficientes como para hacerse un hueco en un mundo tan jerarquizado? ¿Conseguirá el prestigio que por derecho se merece?</p><p>En la misma línea que <i>Pagagnini</i>, pero con una entidad propia, <i>Maestrissimo</i> deleitará a los espectadores con una cuidadísima estética y unos personajes divertidísimos, abordando temas como la ética, la creación, la originalidad y el valor del arte en la sociedad, al mismo tiempo que repasa momentos cumbre de la música clásica.</p>', '2025-12-04 00:00:00', '19:00:00', 'Teatro Infanta Isabel Madrid', 18.00, '1748270755_maes.jpg', 620, 4, 'Teatro'),
(52, 'Mi madre, Serrat y yo', '<p>En su<strong> 15ª temporada</strong>, <i><strong>Mi madre, Serrat y yo,</strong></i> es uno de los espectáculos más longevos de Madrid, con más de 100.000 espectadores a sus espaldas.</p><p><strong>Lucía, la que inspiró la increíble canción de Serrat</strong>, es la protagonista. Ella es fanática de sus canciones y ha seguido su filosofía tanto como su repertorio musical. El conflicto se plantea cuando <strong>Penélope, su hija</strong>, llega a su casa con una maleta para quedarse a vivir con ella. Una extraña y desigual pareja que hace que la convivencia se transforme en algo intenso y divertido.</p><p>Las <strong>relaciones entre madres e hijas en clave de humor</strong>, y la<strong> poesía que les aporta las canciones de Serrat</strong>, hacen que el espectador se sumerja en una montaña rusa de emociones.</p>', '2025-08-09 00:00:00', '20:30:00', 'Artespacio Plot Point', 27.00, '1748270915_mimad.webp', 65, 4, 'Actuaciones'),
(53, 'Daniel Diges - Cineman', '<p>Daniel Diges&nbsp;presenta su nuevo espectáculo&nbsp;CINEMAN SHOW.&nbsp;Un emocionante viaje musical por las canciones más emblemáticas de la&nbsp;historia del cine.<br><br>Con su particular sentido del&nbsp;humor y junto a músicos en directo, hará un recorrido por las melodías y&nbsp;anécdotas de películas que nos han marcado a todos, como “Cinema&nbsp;Paradiso”,&nbsp;“Ghost”, “Mary Poppins”, “La La Land”, “El Gran Showman”,&nbsp;“Rocketman”, “Gladiator”, entre otras muchas.<br><br>Un&nbsp;espectáculo&nbsp;para toda la familia, &nbsp;divertido y fresco, donde Daniel se muestra tal y como es,&nbsp;entregándose a su público con un único objetivo: hacerles disfrutar.<br><br>Daniel&nbsp;Diges cuenta con una amplia carrera musical. Ha publicado cuatro discos&nbsp;en solitario y ha protagonizado musicales como “Kinky Boots”, “Los&nbsp;Miserables” (en España, Brasil y&nbsp;México), “El Médico”, “Hoy no me puedo&nbsp;levantar”, “Mamma Mía!”, “Bella y Bestia”, “High school Musical” y “We&nbsp;Will Rock You”. Su trayectoria en el teatro musical ha sido galardonada&nbsp;con numerosos reconocimientos, entre ellos el Premio Nacional del Teatro&nbsp;como Mejor Actor de Musicales en las ediciones de 2009 y 2010.<br><br>También representó a España en el Festival de Eurovisión en el año 2010 con la canción “Algo pequeñito”.</p>', '2025-06-21 00:00:00', '12:30:00', 'Gran teatro Caixabank Príncipe Pío', 18.00, '1748271431_dan.webp', 1000, 5, 'Actuaciones'),
(54, 'MIL CAMPANAS, EL MUSICAL DEL RECUERDO', '<p>Salvador regresa a su pueblo natal, sumido en la desilusión y el desaliento tras enfrentarse a los golpes de la vida. Al encontrarse con la desolada discoteca Mil Campanas, un lugar que una vez fue testigo de alegría y juventud, un torrente de recuerdos invade su mente al tropezar con una caja de vinilos antiguos. Bea, Juanin, Vanesa, Noe, entre otros personajes, serán los que contarán esta historia, acompañados de la verdadera protagonista, que siempre es la música, con canciones de los 80, 90 y 2000. Temas icónicos de cada década acompañan los momentos clave de la trama, transportando al público a través de un viaje emocional a través del tiempo.</p><p>&nbsp;</p><p>´´Mil Campanas: El Musical del Recuerdo» es un tributo a la nostalgia y al poder transformador de la música, una historia conmovedora que resuena en los corazones de aquellos que recuerdan con cariño los días de juventud y las canciones que marcaron sus vidas.</p>', '2025-06-16 00:00:00', '22:45:00', 'Teatro Arlequín Gran Vía', 19.00, '1748271323_milcam.jpg', 350, 5, 'Teatro'),
(55, 'We Will Rock You, el musical', '<p><strong>La historia está ambientada en un futuro distópico en el que la individualidad es perseguida. Killer Queen es la responsable de una sociedad en la que la música, y cualquier otra forma de creación artística, está prohibida.&nbsp;</strong></p><p><strong>Solo algunos rebeldes desafían la represión mientras esperan la llegada del Soñador, Galileo, un líder que hará posible el regreso de la música a través del rock, y jugará un papel decisivo para restablecer la libertad.</strong></p>', '2025-10-11 00:00:00', '20:30:00', 'Gran teatro Caixabank Príncipe Pío', 25.00, '1748271529_we.webp', 1000, 5, 'Teatro'),
(56, 'El Imitador', '<p><i><strong>El imitador - Sexta temporada.&nbsp;</strong></i><strong>Un cantante, 70 voces&nbsp;y una historia para&nbsp;recordar. No te lo pierdas en el Teatro Infanta Isabel.</strong></p><p>La música es el elemento clave que despierta los recuerdos de&nbsp;<strong>Julián</strong>&nbsp;en&nbsp;<strong>El Imitador</strong>. Las canciones que han sido importantes en su vida le llevan en un viaje desde su infancia en Suramérica donde descubre su pasión por la música y su don para cantar, hasta Nueva York y Europa donde sortea obstáculos para perseguir su sueño de convertirse en un artista.</p><p><strong>El actor y cantante Julian Fontalvo</strong>&nbsp;nos presenta a varios personajes que le acompañan en su viaje e interpreta a 70 artistas internacionales como&nbsp;<strong>Sting</strong>,&nbsp;<strong>Bob Marley</strong>,&nbsp;<strong>David Bowie</strong>,&nbsp;<strong>Andrea Bocelli</strong>,&nbsp;<strong>Edith Piaf</strong>,&nbsp;<strong>Amy Winehouse</strong>&nbsp;o&nbsp;<strong>Tina Turner</strong>&nbsp;entre otros, imitando las voces de los temas que forman parte de su historia. Las canciones, tejidas dentro de la narración, inspiran un viaje personal para cada espectador, que también recreará la banda sonora de su vida.</p><p>Esta obra de teatro unipersonal explora temas universales como el éxito, el fracaso, la búsqueda de los sueños, el amor y el poder la música en nuestra memoria.&nbsp;</p>', '2025-05-23 00:00:00', '21:00:00', 'Teatro Infanta Isabel Madrid', 20.00, '1748271703_imi.avif', 620, 5, 'Actuaciones'),
(57, 'Peter Pan, El Musical', '<p><i>\"Peter Pan es un gran regalo que eleva al espectador a un lugar extraordinario lleno de aventuras y magia ¡Mientras la obra de Peter esté en cartel, la siguiente mejor se encuentra muy por debajo de ella!”</i><br><br><strong>-Mark Twain-</strong><br><br>Efectivamente, esta historia legendaria de Peter Pan y el país de Nunca Jamás es un regalo maravilloso para niños y adultos donde disfrutar de una puesta en escena con 10 actores-cantantes que dan vida a casi 20 personajes, una superproducción con la última tecnología teatral de la mano de números acrobáticos aéreos, música, canciones en directo, bailes y un sinfín de sorpresas que va más allá de lo teatral para convertirse en una gran fiesta llena de emociones en la que se consigue recrear la magia; posibilitando que niños y adultos compartan el placer de una historia sofisticada y traviesa en el Teatro Maravillas, uno de los iconos del teatro en Madrid en calle Manuela Malasaña.</p>', '2025-06-30 00:00:00', '16:15:00', 'Teatro Maravillas', 22.00, '1748271850_peter.webp', 400, 5, 'Teatro'),
(58, 'Mi Padre, Sabina y Yo', '<p>¿Qué harías si, de repente, llamara a la puerta <strong>un joven que dice ser tu hijo</strong>? ¿Y si por fin consigues encontrar al que crees que es <strong>tu padre</strong> y resulta ser un mujeriego empedernido con <strong>complejo de Peter Pan</strong>? La solución esta <strong>comedia hilarante</strong> con la que se divertirá toda la familia, cantando a la vez las <strong>canciones más conocidas del maestro Sabina</strong>.</p><p><strong>Jaime</strong>, un joven cantante, algo ingenuo e inocente, decide buscar a quien cree que es su padre.&nbsp;<strong>Joaquín</strong>, es un mujeriego, algo canalla y sediento de vida. Experto chef con tres estrellas Michelín, su debilidad son las mujeres de todo tipo, edad y color.</p><p>Un 28 de diciembre, en medio de una de sus habituales fiestas con chicas, la sorpresa golpea a su puerta:&nbsp;<strong>un chaval de 25 años se presenta como su hijo</strong>&nbsp;y decide instalarse allí hasta que el padre lo reconozca o lleguen los resultados de las pruebas de ADN.</p><p>Durante ese tiempo de convivencia,&nbsp;<strong>ambas personalidades chocan&nbsp;</strong>y sus respectivos mundos estallan en conflictos que desnudan las fortalezas y debilidades de cada uno. Casi sin darse cuenta se van convirtiendo en padre e hijo antes de saber si realmente lo son.</p><p>A caballo&nbsp;<strong>entre el teatro musical y el convencional</strong>, el guión se estructura en una serie de&nbsp;flashbacks&nbsp;que nos guían a través de la trama, mientras que las&nbsp;<strong>letras de Sabina&nbsp;</strong>matizan los momentos más emotivos de la función.</p>', '2025-06-21 00:00:00', '18:30:00', 'Artespacio Plot Point', 25.30, '1748272042_mp.jpg', 65, 5, 'Actuaciones'),
(59, 'La Bella y la Bestia, el musical', '<h2>La Bella y la Bestia, el musical</h2><p>Érase una vez un príncipe que vivía en un resplandeciente castillo. A pesar de tener todo lo que podía desear, era egoísta y consentido. Una noche, una bruja lanzó un maleficio sobre él y todos los que allí vivían. Como castigo, el príncipe fue condenado a ser una bestia, y solo podría librarse de ese maleficio si conseguía enamorarse de una chica antes de que cayera el último pétalo de una rosa encantada.</p><p>Diez años después, una joven llamada Bella llega al castillo para rescatar a su padre, que es prisionero de la bestia. Dicen que la verdadera belleza se encuentra en el interior. ¿Podrá la chica aprender a amar a la bestia y romper el hechizo?</p><p>¡Te invitamos a que disfrutes de <strong>un clásico musical para niños y adultos con voces en directo</strong>, una escenografía que te trasportará desde la pintoresca aldea hasta el tenebroso castillo y una historia de amor que jamás olvidarás!</p>', '2025-09-20 00:00:00', '12:30:00', 'Teatro Alcazar', 20.00, '1748272146_bella.webp', 800, 5, 'Teatro'),
(60, 'El Mago de Oz', '<p>Adéntrate en&nbsp;un <strong>universo de magia y esperanza</strong> en el que con buenas ideas, corazón y valor, todo se hace posible. <strong>Teseo Teatro y la compañía Complejo de Esquilo</strong> presentan esta nueva adaptación de la obra de L. Frank Baum con la que podrá <strong>disfrutar toda la familia</strong>. ¡No te la pierdas!</p><p><strong>Acompaña a Dorita y Totó&nbsp;</strong>durante su viaje por el mundo fantástico de&nbsp;<strong>Oz</strong>, en busca del Gran Mago<i>&nbsp;</i>para poder regresar a casa. Con ellos conocerás a&nbsp;<strong>personajes tan diversos y oníricos</strong>&nbsp;como brujas, un espantapájaros, un hombre de hojalata, un león e incluso una reina especial.</p><p><strong>Complejo de Esquilo</strong>&nbsp;presenta esta nueva adaptación de la obra de&nbsp;<strong>L. Frank Baum&nbsp;</strong>con la que podrá disfrutar toda la familia.</p>', '2025-06-29 00:00:00', '19:00:00', 'Teseo Teatro', 12.00, '1748272263_oz.webp', 150, 5, 'Teatro'),
(61, 'Primera cita - 3ª Temporada', '<p>Disfruta de la<strong> tercera temporada</strong> de <i><strong>Primera Cita</strong></i><strong> </strong><i>en el </i><strong>Teatro Muñoz Seca.</strong></p><p>Maribel, harta de que los hombres se aprovechen de ella nada más conocerla, prepara junto a su íntima amiga Cintia un plan: Tener una cita con un apuesto desconocido para “usar y tirar”. Vamos, lo que los hombres hacen habitualmente. Pero cuando aparece Lorenzo, un tipo romántico que solo busca el amor verdadero, todos sus planes saltan por los aires.</p>', '2025-08-17 00:00:00', '20:00:00', 'Teatro Muñoz Seca', 14.00, '1748272512_primera.jpg', 294, 5, 'Teatro'),
(62, 'La Hora y Media de El Club de la Comedia', '<p>¿Se te hace corto el programa de El Club de la Comedia? ¿Quieres sentir la experiencia de ver los mejores cómicos del programa en directo? Ahora tendrás la oportunidad de vivir el ambiente de El Club en Madrid.<br><br><strong>¡Una risa, otra risa, y más risas y más risas y más risas!</strong></p>', '2025-06-25 00:00:00', '19:00:00', 'Teatro Príncipe Gran Vía', 25.00, '1748272906_com.jpg', 600, 5, 'Actuaciones'),
(63, 'LA CENA DE LOS IDIOTAS', '<p>Carlos se reúne a <strong>cenar todos los martes con sus amigos</strong>, importantes hombres de negocio, donde <strong>siempre invitan</strong> a un “<strong>idiota</strong>” con la única pretensión de reírse de él. Pero a la velada de esta noche han invitado a <strong>Francisco Piñón</strong> y todo saldrá al revés de lo previsto…. <strong>Retorna al escenario el gran éxito teatral de Francis Veber</strong> protagonizado por Félix Álvarez <strong>“Felisuco”</strong>,<strong> Javier Losán</strong>, <strong>Santiago Urrialde</strong>, <strong>Manu Badenes</strong>, <strong>Anna Hastings</strong> y <strong>Cristina Acosta</strong> bajo la dirección de <strong>Josema Yuste</strong>. Una inteligente crítica a una sociedad en la que no es fácil saber quién es realmente el idiota.</p>', '2025-09-12 00:00:00', '22:00:00', 'Teatro Muñoz Seca', 22.50, '1748273299_la.jpeg', 294, 5, 'Teatro'),
(64, 'Que Dios nos pille confesados', '<p>\"Que Dios nos pille confesados\" es una hilarante obra de teatro que combina comedia y reflexión en una trama repleta de giros inesperados. La historia transcurre en una tranquila parroquia donde un peculiar grupo de personajes se ve involucrado en una serie de situaciones impredecibles.&nbsp;</p><p>Entre secretos, confesiones y enredos, el público será testigo de momentos de humor inteligente y conmovedoras revelaciones que exploran temas como la fe, la redención y las complejidades de las relaciones humanas. Esta experiencia teatral promete risas aseguradas mientras invita a una sutil reflexión.</p>', '2025-09-07 00:00:00', '20:30:00', 'Teatro Zorrilla', 29.00, '1748273418_dios.jpg', 534, 5, 'Actuaciones'),
(65, 'La madre que me parió', '<p><strong>La madre que me parió</strong> es una comedia escrita por <strong>Ana Rivas</strong> y <strong>Helena Molares</strong>. La dirección está a cargo de <strong>Gabriel Olivares</strong>, conocido por llevar la batuta de otras obras de éxito en cartelera, como <i><strong>Burundanga</strong></i>&nbsp;o&nbsp;<i><strong>El Nombre</strong></i>.&nbsp;</p><p>Esta divertida comedia trata con mucho humor la <strong>relación entre las madres y las hijas</strong>. Cuando una amiga íntima se casa, tres mujeres asisten a la boda acompañadas de sus inseparables madres. Todo marcha según lo previsto hasta que la novia, tras pronunciar el \"sí, quiero\", entra en pánico y decide pedir ayuda a sus amigas. Será entonces cuando las madres decidan apuntarse a ese comité de rescate, en el que saldrán a flote todos los rifirrafes maternofiliales.&nbsp;</p><p>Sus protagonistas son las actrices<strong> Marisol Ayuso, Olga Hueso, Eva Barceló y Diego París.</strong>&nbsp;El resto del elenco está formado por <strong>Cristina Llorente,</strong>&nbsp;<strong>Patricia Delgado,&nbsp;Ana Villa y Rebeca Plaza.</strong></p><p><strong>La madre que me parió</strong> te hará reír y te acercará a una realidad de la que muchas reniegan: conforme cumples años, te vas convirtiendo en tu madre.</p>', '2025-07-05 00:00:00', '18:00:00', 'Teatro Lara - Sala Cándido Lara', 20.00, '1748273628_lamdre.jpg', 464, 5, 'Actuaciones'),
(66, 'STAND-UP EN EL MOMENTO : VARIOS ARTISTAS', '<p>Stand Up en el momento es un show en el que cuatro cómicos se suben al escenario de El Golfo sin ningún tipo de material preparado (pueden preparar temas pero igual no les tocan). Será a raíz de las ideas y sugerencias del público que irán creando Monólogos en el momento. Inspirado en Stand Up on the Spot, con el conocimiento de su host Jeremiah Watkins* llega al Golfo Comedy Club uno de los formatos más divertidos de los Estados Unidos, dirigido por Diego Daño. Un formato donde tú decides de qué quieres que hablen los cómicos. ¿Jugamos? *le hemos...</p>', '2025-05-26 00:00:00', '21:30:00', 'El Golfo Comedy Club Sol - Teresa Club', 10.00, '1748273829_golfo.webp', 300, 5, 'Actuaciones'),
(67, 'Vengo a reírme - Plaza España', '<p>¡Te prometemos risas! ¿Cómo? Muy sencillo, a través de varios de los mejores shows de la cartelera madrileña y en pleno centro de Madrid, en el<strong> Soho Club de Plaza de España</strong>.</p><p>Cómicos y cómicas de primera para que no pares de reír durante todo el espectáculo.</p><p>En cada fecha habrá un show diferente (mira el nombre de la sesión).Puedes ver el cómico/a del día en el nombre de la sesión.</p><p>*El cómico/a puede variar por causas de fuerza mayor</p><p>Artistas: <a href=\"https://www.atrapalo.com/entradas/Dani%20Al%C3%A9s_a6378\">Dani Alés</a>, <a href=\"https://www.atrapalo.com/entradas/Carmen%20Orellana_a26169\">Carmen Orellana</a>, <a href=\"https://www.atrapalo.com/entradas/Juan%20Morales_a52870\">Juan Morales</a>, <a href=\"https://www.atrapalo.com/entradas/Himar%20Armas_a52872\">Himar Armas</a>, <a href=\"https://www.atrapalo.com/entradas/Joan%20Natzari_a52960\">Joan Natzari</a>, <a href=\"https://www.atrapalo.com/entradas/Jorge%20Santos_a55660\">Jorge Santos</a>, <a href=\"https://www.atrapalo.com/entradas/Patxi%20Zubeldia_a56721\">Patxi Zubeldia</a>, <a href=\"https://www.atrapalo.com/entradas/Nadin%20Din_a57997\">Nadin Din</a>, <a href=\"https://www.atrapalo.com/entradas/Silvia%20De%20Frente_a58566\">Silvia De Frente</a>, <a href=\"https://www.atrapalo.com/entradas/Juan%20Moreno_a60373\">Juan Moreno</a>, <a href=\"https://www.atrapalo.com/entradas/Javi%20Bueno_a66181\">Javi Bueno</a></p>', '2025-06-29 00:00:00', '22:30:00', 'Soho Club', 10.00, '1748275458_veng.avif', 50, 5, 'Actuaciones'),
(68, 'Generación Tuenti - Himar Armas', '<p>Disfruta de una obra tan divertida como<i><strong>&nbsp;Generación Tuenti</strong></i>&nbsp;con&nbsp;<strong>Himar Armas</strong>&nbsp;en&nbsp;el <strong>Teatro Arlequín&nbsp;Gran Vía.</strong></p><p>¿Recuerdas cuando ser cani era moda? Eso ha pasado en este país y aunque intentemos olvidar la Blackberry, el Workbook y el Tuenti todo eso forma parte de lo que hoy somos. Internet cuando creíamos que nadie nos miraba, sin filtros ni postureo.</p><p>Si recuerdas las notificaciones en verde fosforito y alguna vez se te escapa decir \"tablón\" en lugar de \"feed\" este es tu monólogo.</p><p>Generación Tuenti&nbsp;es un espectáculo donde reírnos de nosotros mismo en los 2000 y en la actualidad, dónde te saldrá eso de \"¡Es verdad! No me acordaba\" y eso de \"qué vergüenza\".</p><p>Un&nbsp;monólogo&nbsp;cargado de interacción con el público, piercings y flequillos rectos.</p>', '2025-05-30 00:00:00', '22:15:00', 'Teatro Arlequín Gran Vía', 16.00, '1748353278_tuen.jpg', 350, 5, 'Actuaciones'),
(69, 'Sara Baras - Vuela', '<p>Para celebrar el 25 aniversario de su propia compañía, <strong>Sara Baras</strong> presenta <strong>‘Vuela’</strong>; un espectáculo en homenaje al maestro por antonomasia de la guitarra: <strong>Paco de Lucía</strong>.</p><p>Ideado desde el respeto, el cariño y el amor que ambos compartían, este espectáculo ha sido creado para ser inolvidable, para transportarnos una vez más a ese mágico mundo que solo <strong>Sara Baras</strong> es capaz de crear.</p><p>Enfrentándose a la responsabilidad de rendir homenaje al genio de Algeciras, este viaje coreográfico está compuesto por 15 piezas únicas que giran en torno a una palabra; creando así, con nuestro lenguaje flamenco, palabras en movimiento.&nbsp;Un fascinante recorrido dividido en cuatro actos, cada uno de los cuales teje una narrativa poderosa:<strong> «Madera»</strong>, que nos recuerda la fuerza de unas raíces y la calidez del ser;<strong> «Mar»</strong>, que nos invita a navegar en la pasión y ser como el agua; <strong>«Muerte»</strong>, una forma de explorar las emociones humanas desde lo más profundo y <strong>«Volar»</strong>, la única forma de huir sin correr, simplemente dejándonos llevar por la celebración y la alegría: una oportunidad que solo la música, el baile y los sentimientos nos pueden brindar.</p>', '2025-09-11 00:00:00', '20:00:00', 'Teatro EDP Gran Vía', 30.00, '1748353379_vuel.jpg', 950, 5, 'Teatro'),
(70, 'Arde Venecia', '<p><i><strong>Arde Venecia</strong></i> es el programa en el que las máscaras caen y la verdad sale a la luz. Un espacio sin filtros, <strong>sin censura</strong> y con mucho humor, presentado por <strong>Juan Dávila</strong> y <strong>Galder Varas</strong>, dos referentes de la comedia más afilada del momento. Hay que recalcar que este es un espacio,&nbsp;<strong>sin censura</strong>.</p><p>Cada episodio comienza con un <strong>invitado enmascarado</strong> y termina con confesiones, risas y verdades sin rodeos. Lo que empieza como un juego acaba siendo una conversación tan real como inesperada.</p><p>Vive esta experiencia en directo en el <strong>Teatro Marquina de Madrid</strong>, donde el<strong> podcast </strong>se convierte en espectáculo y el espectáculo, en pura catarsis cómica.</p><p>Un show que mezcla humor, verdad y sorpresa en cada entrega.</p>', '2025-05-27 00:00:00', '18:00:00', 'Teatro Marquina', 22.00, '1748353522_arde.webp', 500, 5, 'Actuaciones'),
(71, 'No me toques el cuento, en Madrid', '<p>¡Estamos hartas de nuestra condición de princesas, de perfectas, de felices para siempre!</p><p>Tras agotar entradas durante dos temporadas en <strong>Teatros Luchana</strong>, y girar en toda España, dan el salto al&nbsp;<strong>Pavón</strong>&nbsp;las princesas inconformistas.</p><p><i><strong>No me toques el cuento&nbsp;</strong></i>nos muestra cómo cuatro princesas se rebelan y exigen contar la otra cara del cuento. Eso que no se cuenta porque, al fin y al cabo, no es tan bonito como dicen...</p>', '2025-05-30 00:00:00', '22:00:00', 'Teatro Pavón', 18.00, '1748353606_no toques.webp', 631, 5, 'Teatro'),
(72, 'Una Terapia Integral', '<p><strong>Cristina Clemente y Marc Angelet </strong>son los autores de<i><strong> \'Una Terapia Integral\'</strong></i>, la comedia que trata de retratar a una sociedad que parece estar eliminando la religión, pero que a su vez tiene<strong> una gran necesidad de creer</strong>, tener fe en algo que nos ayude a encontrar sentido a nuestras vidas y a poner orden en ellas. Un curso intensivo con cuatro magníficos intérpretes <strong>Antonio Molero, Angy Fernández, Esther Ortega y Raúl Peña (Covers: Óscar de la Fuente, Ledicia Sola y Laura Porta).</strong></p><p><i><strong>¿Una corteza poco crujiente? Problemas laborales ¿Una miga demasiado densa? Crisis de pareja ¿Un pan soso? Una vida sexual insatisfactoria.</strong></i></p><p>Todos quieren apuntarse a los cursos de hacer pan que imparte <strong>Toni Roca</strong>. Sus diez años de experiencia y las pocas plazas ofertadas hacen que la gente haga cola para apuntarse. Para el maestro,<strong> \"somos el pan que hacemos\" </strong>y su curso garantiza que, después de unas cuantas sesiones, el alumno será capaz de hacer un pan excelente. Lo curioso de su sistema de aprendizaje es que los alumnos no solo tendrán que amasar o controlar la temperatura del horno: también <strong>deberán sincerarse, llorar, reír, gritar... y liberarse</strong>.&nbsp;</p><p>Toni Roca tiene clara su premisa:<strong> “Para hacer un buen pan, no hace falta la mejor harina o la levadura más fresca, para hacer un buen pan solo es necesario estar bien con uno mismo”.&nbsp;</strong></p>', '2025-05-28 00:00:00', '20:00:00', 'Teatro Fígaro', 16.00, '1748353753_tera.jpg', 650, 5, 'Teatro'),
(73, 'COMEDIA La noche de la risa', '<p>Los mejores monólogos y espectáculos de humor en Madrid!<br>Un divertido show de monólogos e improvisación con los mejores cómicos en vivo.<br>Un maestro de ceremonias, un cómico e improvisación que nos harán reír y pasar una noche increíble en la Gran Vía de Madrid.</p><p>Un show para que TODA LA FAMILIA se divierta!</p>', '2025-05-31 00:00:00', '20:00:00', 'Teatro Capitol Gran Vía', 17.00, '1748353901_lanoche.jpg', 217, 5, 'Actuaciones'),
(74, 'No cruces los brazos, David Cepo en Madrid', '<p><strong>David Cepo</strong>, nacido en Madrid en 1988, descubrió su pasión por la comedia cuando tenía poco más de 20 años. Para formarse como actor y mejorar su visión cómica, se matriculó en la Escuela municipal de arte dramático de Madrid y en el centro Estudio 2 de Manuel Galiana. Desde entonces, ha desarrollado su carrera en el mundo de la comedia con éxito, convirtiéndose en <strong>uno de los cómicos más populares</strong> del momento.</p><p>Además de sus espectáculos en vivo, David Cepo ha sabido aprovechar las redes sociales para llegar a una audiencia aún más amplia. En plataformas como Instagram o Youtube, comparte sus vídeos de comedia con miles de seguidores que se ríen con sus ocurrencias. En su humor blanco y cercano, David<strong> analiza las situaciones cotidianas</strong> con un toque de sátira e ironía. Para él, lo importante en cada show no es solo hacer reír, sino también crear un ambiente propicio para ello.&nbsp;</p><p>Como él mismo dice: <i><strong>\"La actitud es importante, si no te abres a la risa, no podrás disfrutar de los chistes\".</strong></i></p>', '2025-05-30 00:00:00', '20:00:00', 'Teatro Arlequín Gran Vía', 23.00, '1748353979_davidcepo.jpg', 350, 5, 'Actuaciones'),
(75, 'Los Morancos', '<p><strong>Los Morancos</strong> es un dúo de humoristas españoles compuesto por los hermanos <strong>César</strong> y <strong>Jorge Cadaval</strong>. Originarios de Triana, esta pareja lleva desde 1984 haciendo reír a su público a lo largo de toda la geografía española.</p><p>Comenzaron su andadura en televisión, en el programa<strong> \'Un, dos, tres...\'</strong>. Sin embargo, su salto a la fama llegaría con su participación en la gala de nochevieja de TVE de 1985, donde hicieron una parodia de flamenco en inglés. Tras pasar por<strong> \'Pero...¿esto qué es?\'</strong> y tener alguna aventura cinematográfica, el dúo cómico firmó un contrato con TVE en 1993 para encargarse de realizar programas y especiales de gran audiencia. Los Morancos también han intervenido en numerosas ocasiones en programas de radio, como es el caso de <strong>\'Protagonistas\'</strong> con <strong>Luis del Olmo</strong>, y se han subido a muchos escenarios de teatro.</p><p>Los Morancos son especialmente conocidos por sus personajes <strong>Antonia y Omaíta</strong>, que incluso llegaron a tener su propia serie en prime time en TVE. Estos hermanos hicieron también su propia versión de la canción<strong> \'Dragostea din tei\'</strong>, de la banda moldava <strong>O-Zone</strong>, conviertiéndola en himno gay en varios países de Latinoamérica.</p><p>Desde 2008 Jorge y César participan activamente (en ocasiones juntos, en otras por separado) en <i>talent shows</i> como<strong> \'¡Mira Quien Baila!\'</strong>,<strong> \'Tú sí que vales\'</strong>,<strong> \'Tu cara me suena\'</strong> y <strong>\'Pequeños Gigantes\'</strong>, entre otros.</p>', '2025-05-30 00:00:00', '18:00:00', 'Teatro Capitol Gran Vía', 50.40, '1748354071_morancos.jpg', 217, 5, 'Teatro'),
(76, 'Conspiranoia', '<p><strong>Conspiranoia</strong>, dirigida por <strong>Jordi Casanovas</strong> y&nbsp;<strong>Marc Angelet</strong>, es una <strong>comedia dramática&nbsp;</strong>repleta de<strong> teorías de la conspiración, secretos, mentiras y amistades</strong> a punto de estallar te hará reflexionar de la manera más entretenida.<br>&nbsp;</p><p>Un <strong>grupo de amigos</strong> pretende devolver el sentido común a una amiga que desde hace un tiempo se deja llevar por algunas<i> teorías cospiranoicas</i> con lo que ellos laman «una intervención». Esta «intervención» parece consistir en decir todo lo que piensan pero... <i>¿cómo?</i> Sacando a la luz todo tipo de <strong>malestares y secretos</strong> que cada uno de los miembros guarda desde que son pequeños.&nbsp;</p><p><i><strong>¿Somos realmente capaces de querer a una persona que ve el mundo completamente diferente a cómo lo vemos nosotros?</strong></i></p>', '2025-05-28 00:00:00', '20:00:00', 'Teatro Alcázar', 16.00, '1748354251_consp.webp', 800, 5, 'Teatro'),
(77, 'Cluedo 1860: El Golem', '<p>Londres 1860. Una ciudad conmocionada por una serie de atentados. Un baile de máscaras. Una persona asesinada en la oscuridad. Cinco sospechosos tienen una hora para demostrar su inocencia... y el tiempo corre en su contra.</p><p>Hay un asesino entre los habitantes de la mansión, pero, además también hay un cómplice entre los invitados del pueblo como tú. Debes descubrir quienes son: el asesino, el cómplice y el móvil del crimen. Mantén los ojos abiertos, ¡y suerte!</p><p>Esta es la premisa de este<strong> espectáculo interactivo</strong> en el que el público presenciará una serie de escenas teatrales de unos tres o cuatro minutos cada una, y entre las cuales podrá abordar el escenario para hacer preguntas a los personajes (los actores) sobre el caso.</p><p>Pero tranquilos, que si os asusta tener el protagonismo bajo la atenta mirada del resto de espectadores, en nuestro espectáculo estáis a salvo; cada uno se implica e interactúa hasta donde quiera. Si no quieres interactuar, ¡escucha lo que digan otros y listo! Nadie te forzará a hacer nada.</p><p>¡Disfruta con el espectáculo interactivo de&nbsp;<i><strong>Cluedo 1860: El Golem</strong></i> en <strong>La Caja Lista</strong>!</p>', '2025-05-29 00:00:00', '20:00:00', 'La Caja Lista', 16.00, '1748354385_cluedo.webp', 40, 5, 'Teatro'),
(78, 'MagiLocuras 3.0 - Magia & Humor para Todos', '<p>La Sala Houdini presenta en su<strong> Escenario Principal</strong>, un año más,</p><p>y ya son 29,\"<i><strong>MagiLocuras 3.0</strong></i>\" de la mano de <strong>Mad Martin,</strong> un artista de la Magia, el Humor y el Entretenimiento, ofreciendo <strong>el show más destacado, delirante, duradero y aplaudido</strong> de esta mítica sala de magia madrileña.</p><p><strong>Mad Martin</strong>, es un Mago, un Actor y todo un Showman argentino con numerosos <strong>premios de magia nacionales e internacionales</strong>, entre los que destacan:</p><ul><li>Trofeo Special Magic show (Brasil, 1985)</li><li>Premio Magia Cómica Latinoamericano (Buenos Aires, 1987)</li><li>Beca Editorial Frackson F.I.S.M. (España, 1988)</li><li>Premio Nacional de Prestidigitación (España, 1990)</li><li>Premio Nacional de Magia Cómica (España, 1990)</li><li>Premio Ascanio Mejor Mago del Año (España, 1995)</li><li>Premio Magia de Escenario (Portugal, 1998)</li></ul><p>Sin dudas, Mad Martin te llevará a un fascinante mundo donde lo imposible se hace realidad, un espacio lleno de risas, sorpresas, ingenio y diversión, donde el verdadero protagonista serás tú, convirtiendo el truco más simple en un espectáculo que irá más allá de tu imaginación!</p><p>Un espectáculo de Magia que te hará regresar a esos mágicos momentos de tu infancia, donde todo será juego, asombro, diversión, alegría y felicidad, y todo ello mezclado con un humor singular, ingenioso e inteligente!</p>', '2025-05-28 00:00:00', '20:00:00', 'Sala Houdini', 10.00, '1748354491_magia.jpeg', 200, 5, 'Actuaciones'),
(79, 'Mis Recuerdos - Magia Mental de Aryel Altamar', '<p>El periódico&nbsp;<strong>El Pais&nbsp;</strong>dijo \"<i>El&nbsp;show&nbsp;es una montaña rusa de emociones en el que&nbsp;</i><strong>la gente se ríe, se asombra y se emociona hasta las lágrimas</strong><i>. El mentalista intenta durante el espectáculo que el público pueda sentir que su&nbsp;</i><strong>mente es leída</strong><i>, todo acompañado de un hilo conductor u historia. Más que un espectáculo de magia mental,&nbsp;</i><strong>es una obra de teatro mágica que no os lo podéis perder\"</strong></p><p><strong>Aryel Altamar&nbsp;</strong>llega a Madrid el espectáculo de&nbsp;<strong>Magia Mental</strong>&nbsp;que dejo boquiabierto a Argentina, México y Colombia!<strong>&nbsp;¡No podréis hablar de otra cosa el resto de la noche!&nbsp;</strong>Ya que saldrás de este espectáculo preguntándote como pudo haber pasado todo lo vivido.</p><p><strong>Un espectáculo muy exitoso durante mas de 10 años.</strong></p><p>¿Es posible predecir el futuro? ¿Se puede leer la mente? ¿Y contactar con el más allá?&nbsp;<strong>Quizá sí... ¡Ve&nbsp;a averiguarlo!</strong></p><p><strong>¿Qué se siente cuando te leen la mente?&nbsp;</strong>En este show deslumbrante de&nbsp;<strong>Aryel Altamar&nbsp;</strong>podrás sentir esta sensación hasta llegar al escalofrío que causa este asombroso show.</p><p><strong>Aryel Altamar&nbsp;</strong>es un reconocido Mentalista e Hipnotista en<strong>&nbsp;todo el Mundo.</strong>&nbsp;Recibiendo premios por ambas categorías y logrando un espectáculo que te dejara con la boca abierta y te dará la sensación real de que posee<strong>&nbsp;poderes mentales.</strong>&nbsp;<br><br><strong>¡Las entradas suelen volar, así que no pierdas tu oportunidad y reserva con tiempo!&nbsp;</strong></p><p>Este espectáculo aparte de sorprenderte te dejara un mensaje excelente al finalizar el mismo el cual hará que reflexiones y salgas con un pensamiento distinto al que llegaste.</p><p>Si quieres vivir en primera persona&nbsp;<strong>experiencias inexplicables</strong>&nbsp;que van más allá de la lógica y a muy pocos metros de tu vista,&nbsp;no te pierdas&nbsp;<strong>La Magia Mental de Aryel Altamar</strong>. Experimenta la&nbsp;telepatía, la&nbsp;precognición, la&nbsp;telekinesis, el&nbsp;espiritismo, y mucho, mucho más.</p>', '2025-05-29 00:00:00', '21:30:00', 'Teatro Escondido Gran Vía', 12.00, '1748354679_mis.avif', 100, 5, 'Actuaciones');
INSERT INTO `eventos` (`id_evento`, `nombre`, `descripcion`, `fecha`, `hora`, `ubicacion`, `precio`, `imagen`, `aforo`, `id_empresa`, `categoria`) VALUES
(80, 'Si no lo veo, no lo creo', '<p><i><strong>Si no lo veo, no lo creo</strong></i>&nbsp;es un show de <strong>magia a dos palmos de los espectadores</strong> en la icónica <strong>Sala Houdini de Madrid</strong>, diseñado para dejarlos boquiabiertos.</p><p>Sumérgete en una <strong>experiencia única </strong>donde se unen la magia, la risa, el asombro y los momentos <strong>espontáneos</strong>. Un divertido espectáculo de <strong>magia de cerca</strong> lleno de <strong>humor</strong> donde <strong>Gerardo Martínez</strong> presenta su lado más canalla... ¡pero sano!</p><p>De esto que piensas \"<i>¡Qué ca.... es el tío, pero qué majo!</i>\"</p><p>¿Buscas <strong>un plan diferente</strong> para disfrutar con tu abuela, sorprender a tu crush, o <strong>divertirte</strong> con tus amigos? Este show de magia es perfecto para todos. <strong>Regala una noche de magia y asombro</strong> a tus seres queridos, o ven solo/a... ¡nunca sabes con quién podrías encontrarte!</p><p>Solo necesitas saber dónde se encuentra la mejor sala de magia de Europa: la renombrada <strong>Sala Houdini en Madrid</strong>. Ven y vive la <strong>magia en su máxima expresión, justo delante de tus ojos.</strong></p><p><strong>Reserva ahora y asegúrate de formar parte de esta experiencia mágica e inolvidable.</strong></p>', '2025-05-30 00:00:00', '21:30:00', 'Sala Houdini', 15.00, '1748354781_sino.webp', 200, 5, 'Actuaciones'),
(81, 'Hipnosis de Comedia, Aryel Altamar', '<p>No te pierdas una obra de la categoría de&nbsp;<i><strong>Hipnosis de Comedia</strong></i> con<strong> Aryel Altamar </strong>en el <strong>Teatro Escondido de Gran Via</strong></p><p>Prepárate para una&nbsp;<strong>experiencia única e inolvidable</strong>. Sumérgete en el mundo de la <strong>hipnosis</strong> con un toque de humor, creando una velada perfecta para compartir con familia, amigos o compañeros.</p><p>Esta no es solo una noche de risas, sino una&nbsp;<strong>oportunidad de interactuar y ser parte del espectáculo.</strong>&nbsp;Ya sea que decidas subir al escenario para ser hipnotizado o disfrutar desde tu butaca, te prometemos una experiencia llena de diversión y asombro. Aryel Altamar, reconocido por su colaboración con el&nbsp;<strong>Circo del Sol en \'The Ilusionist\'</strong>, te invita a ser parte de un show que ha cautivado a miles.</p><p>Con una trayectoria impresionante, Aryel ha hipnotizado a&nbsp;<strong>más de 10.000 persona</strong>s&nbsp;y cuenta con apariciones en televisión y videos en YouTube con&nbsp;<strong>más de 10 millones de visualizaciones.</strong>&nbsp;Este espectáculo es una mezcla perfecta de entretenimiento y aprendizaje, ofreciendo un acercamiento a la hipnosis de manera segura, profesional y respetuosa.</p><p><strong>Prepárate para reír y asombrarte</strong>&nbsp;con Aryel Altamar, quien promete convertir tu noche en una&nbsp;<strong>experiencia divertidísima y llena de sorpresas</strong>.&nbsp;<strong>No dejes pasar la oportunidad de ser parte de este fenómeno.&nbsp;Compra tus entradas ahora&nbsp;</strong>y únete a nosotros para una noche de hipnosis y comedia que superará todas tus expectativas.</p>', '2025-05-31 00:00:00', '20:00:00', 'Teatro Escondido Gran Vía', 15.00, '1748354866_hip.jpg', 100, 5, 'Actuaciones'),
(82, 'Cluedo 1942: Asesinato en el Berlín Express', '<p>¡<strong>La Caja Lista</strong>&nbsp;presenta por&nbsp;tercera temporada&nbsp;consecutiva&nbsp;<strong>Cluedo 1942</strong>: Asesinato en el Berlín Express!</p><p>Un cadáver ha sido encontrado en uno de los vagones del&nbsp;Berlín Express&nbsp;en su viaje a Nuremberg. Cuatro son los sospechosos de haber cometido el crimen y tú deberás averiguar quién es. Pero debes estar alerta ya que el asesino no actuó solo, tuvo un cómplice entre los espectadores del tren. ¿Serás capaz de descubrir también al cómplice? ¿O serás tú?</p><p>&nbsp;</p><p>Esta es la premisa de este espectáculo interactivo en el que el público presenciará una&nbsp;serie de escenas teatrales&nbsp;de unos tres o cuatro minutos cada una, y entre las cuales podrá abordar el escenario para hacer preguntas a los personajes (los actores) sobre el caso. Pero tranquilos, que si os asusta tener el protagonismo bajo la atenta mirada del resto de espectadores, en nuestro espectáculo estáis a salvo;&nbsp;cada uno se implica e interactúa hasta donde quiera. Si no&nbsp;quieres interactuar, ¡escucha lo que digan otros y listo! Nadie te forzará a hacer nada ;).</p>', '2025-05-29 00:00:00', '20:00:00', 'La Caja Lista', 19.44, '1748355034_1942.webp', 40, 5, 'Teatro'),
(83, 'Cluedo 1920: Los cadáveres no hablan', '<p><strong>La Caja Lista</strong> presenta su nueva obra \"<i><strong>Cluedo 1920: Los cadáveres no hablan</strong></i>\"</p><p>El Marqués de Milford Haven Se ha suicidado en su habitación con las puertas y las ventanas cerradas por dentro. ¿Realmente se suicidó, o fue un asesinato? <strong>Juega tu papel</strong>, atiende a las escenas y habla con los actores para <strong>descubrir el misterio </strong>que rodea la muerte del Marqués.</p>', '2025-05-29 00:00:00', '20:00:00', 'La Caja Lista', 19.44, '1748355094_1920.avif', 40, 5, 'Teatro');

-- --------------------------------------------------------

--
-- Estructura de tabla para la tabla `roles`
--

CREATE TABLE `roles` (
  `id_rol` int(11) NOT NULL,
  `nombre_rol` varchar(50) NOT NULL
) ENGINE=MyISAM DEFAULT CHARSET=utf8mb4 COLLATE=utf8mb4_unicode_ci;

--
-- Volcado de datos para la tabla `roles`
--

INSERT INTO `roles` (`id_rol`, `nombre_rol`) VALUES
(1, 'Administrador'),
(2, 'Usuario');

-- --------------------------------------------------------

--
-- Estructura de tabla para la tabla `usuarios`
--

CREATE TABLE `usuarios` (
  `id_usuario` int(11) NOT NULL,
  `nombre` varchar(100) NOT NULL,
  `email` varchar(100) NOT NULL,
  `contraseña` varchar(255) NOT NULL,
  `telefono` varchar(20) DEFAULT NULL,
  `id_rol` int(11) NOT NULL,
  `fecha_registro` timestamp NULL DEFAULT current_timestamp(),
  `foto_perfil` varchar(255) DEFAULT 'default.png',
  `fecha_nacimiento` date DEFAULT NULL,
  `direccion` varchar(255) DEFAULT NULL,
  `reset_token` varchar(255) DEFAULT NULL,
  `reset_expira` datetime DEFAULT NULL
) ENGINE=MyISAM DEFAULT CHARSET=utf8mb4 COLLATE=utf8mb4_unicode_ci;

--
-- Volcado de datos para la tabla `usuarios`
--

INSERT INTO `usuarios` (`id_usuario`, `nombre`, `email`, `contraseña`, `telefono`, `id_rol`, `fecha_registro`, `foto_perfil`, `fecha_nacimiento`, `direccion`, `reset_token`, `reset_expira`) VALUES
(4, 'Marco', 'marcodeangar@gmail.com', '$2y$10$jhYzfeXehYacKPpMvlFm1eMQl/fVv5YEDbEZqDYqM3Bjvd3F5/04K', '644758006', 2, '2025-02-26 23:16:23', '1748963198_IMG_3648.jpeg', '2005-01-13', 'C/ Parque de Garajonai', 'cca00f5deba022cfca1db6788725971c4dc538dc76fdb30b4ba493ba8a76804547937259cd8ddb30ef3d3fce6cad7b115b84', '2025-02-27 00:42:30'),
(5, 'Raquel', 'raquelgredos@gmail.com', '$2y$10$hdScORcHonnI.ehC279Epu45WyyD3046VpYEC0hA2HppuGioh1p3u', '675654323', 2, '2025-02-27 00:04:01', '1740615904_yo2.jpg', '1971-10-06', 'C/ Parque de Garajonai', NULL, NULL),
(6, 'Angel', 'angelgarcia05n@gmail.com', '$2y$10$V2IJusS2wLFjsuZne6mZ0Ot4rFKqn4hSXORx7OG1qHr0c8eRCXAj.', '643528970', 2, '2025-05-26 16:06:16', 'default.png', NULL, NULL, NULL, NULL),
(7, 'Perico', 'pericoJuarez@gmail.com', '$2y$10$5c21.DsfWlRhIEt6AKFU/.smRT5ngLrWxsBSYDBIh5xLzt89ZGkAi', '678545665', 2, '2025-05-26 16:08:56', 'default.png', NULL, NULL, NULL, NULL),
(9, 'Administrador', 'contacto.evenly@gmail.com', '$2y$10$vjM0/7gUefmQthtyt0oLheYJ/lXJPwzyPER3NFlZO9e7jxGJBoela', '678543657', 1, '2025-05-28 15:22:16', 'default.png', '2005-01-13', 'Avenida de la Peseta', NULL, NULL),
(10, 'Prueba ALPHA', 'prueba.ALPHA@gmail.com', '$2y$10$rbMKGrGziFkW7PlIfWLaZeY9BBtZjFYUne2E9uvjSg0wv6LUgwUf.', '612345678', 2, '2025-06-06 14:31:35', 'default.png', NULL, NULL, NULL, NULL);

--
-- Índices para tablas volcadas
--

--
-- Indices de la tabla `compras`
--
ALTER TABLE `compras`
  ADD PRIMARY KEY (`id_compra`),
  ADD KEY `idx_usuario` (`id_usuario`),
  ADD KEY `idx_evento` (`id_evento`);

--
-- Indices de la tabla `empresas`
--
ALTER TABLE `empresas`
  ADD PRIMARY KEY (`id_empresa`),
  ADD UNIQUE KEY `cif` (`cif`);

--
-- Indices de la tabla `eventos`
--
ALTER TABLE `eventos`
  ADD PRIMARY KEY (`id_evento`),
  ADD KEY `id_usuario` (`id_empresa`);

--
-- Indices de la tabla `roles`
--
ALTER TABLE `roles`
  ADD PRIMARY KEY (`id_rol`),
  ADD UNIQUE KEY `nombre_rol` (`nombre_rol`);

--
-- Indices de la tabla `usuarios`
--
ALTER TABLE `usuarios`
  ADD PRIMARY KEY (`id_usuario`),
  ADD UNIQUE KEY `email` (`email`),
  ADD KEY `id_rol` (`id_rol`);

--
-- AUTO_INCREMENT de las tablas volcadas
--

--
-- AUTO_INCREMENT de la tabla `compras`
--
ALTER TABLE `compras`
  MODIFY `id_compra` int(11) NOT NULL AUTO_INCREMENT, AUTO_INCREMENT=59;

--
-- AUTO_INCREMENT de la tabla `empresas`
--
ALTER TABLE `empresas`
  MODIFY `id_empresa` int(11) NOT NULL AUTO_INCREMENT, AUTO_INCREMENT=7;

--
-- AUTO_INCREMENT de la tabla `eventos`
--
ALTER TABLE `eventos`
  MODIFY `id_evento` int(11) NOT NULL AUTO_INCREMENT, AUTO_INCREMENT=108;

--
-- AUTO_INCREMENT de la tabla `roles`
--
ALTER TABLE `roles`
  MODIFY `id_rol` int(11) NOT NULL AUTO_INCREMENT, AUTO_INCREMENT=3;

--
-- AUTO_INCREMENT de la tabla `usuarios`
--
ALTER TABLE `usuarios`
  MODIFY `id_usuario` int(11) NOT NULL AUTO_INCREMENT, AUTO_INCREMENT=11;
COMMIT;

/*!40101 SET CHARACTER_SET_CLIENT=@OLD_CHARACTER_SET_CLIENT */;
/*!40101 SET CHARACTER_SET_RESULTS=@OLD_CHARACTER_SET_RESULTS */;
/*!40101 SET COLLATION_CONNECTION=@OLD_COLLATION_CONNECTION */;
